x,y,z
-0.1326401,-11.13382,0.19604
-0.1347504,-5.380789,0.1987717
-0.1365885,-2.254088,0.200734
-0.1371994,-0.2520283,0.2025497
-0.1386512,3.726515,0.205658
-0.1399785,5.61638,0.2068742
-0.140589,11.05622,0.2089408
-0.1404805,14.27054,0.2098202
-0.1399681,22.10169,0.2102124
-0.1404706,25.42142,0.2104926
-0.1372266,33.48639,0.209254
-0.1396326,38.0194,0.2087081
-0.1414827,41.90659,0.2081706
-0.148145,49.68497,0.2070107
-0.1518066,53.36874,0.2063087
-0.1633633,62.16383,0.2064309
-0.1672528,66.04759,0.2061903
-0.1769336,70.09924,0.2066812
-0.176328,72.82247,0.2070048
-0.1760704,79.49285,0.2078039
-0.1762767,83.07899,0.2082578
-0.1770653,86.59746,0.2084875
-0.1803974,92.84599,0.2114823
-0.181186,94.94663,0.2124842
-0.1834064,99.66016,0.21392
-0.1876521,99.91637,0.2146089
-0.1968653,98.89222,0.2175193
-0.1960204,97.31483,0.2177004
-0.2031733,94.80286,0.2201027
-0.2149447,91.43814,0.2239145
-0.2183164,92.96442,0.223715
-0.2241012,95.39564,0.2237458
-0.2253019,97.20958,0.2228633
-0.228581,100.5212,0.2215138
-0.2306086,102.2062,0.2209015
-0.2307037,104.2206,0.2196175
-0.229028,104.4,0.2187379
-0.2277633,104.6333,0.2179662
-0.223924,105.1542,0.2161647
-0.2222012,105.5005,0.2152393
-0.2171001,106.634,0.2127157
-0.2146754,106.8313,0.211952
-0.2104677,107.5618,0.2102045
-0.2071932,108.4186,0.2078916
-0.2015639,110.1407,0.2034236
-0.1986405,110.4854,0.2009959
-0.1932912,110.2963,0.1988977
-0.1826521,110.7305,0.1938742
-0.1775087,111.2226,0.1910537
-0.1672652,112.1805,0.1855769
-0.1621589,112.6573,0.1828748
-0.1533766,114.5732,0.1765936
-0.1472996,117.3131,0.1706857
-0.1415331,119.6571,0.1651845
-0.1317336,124.134,0.152122
-0.1273512,126.2019,0.1448996
-0.1195267,133.087,0.1276434
-0.1155957,135.5302,0.1203934
-0.06859718,-5.84164,0.08009505
-0.06425873,-6.681561,0.07481548
-0.1105293,147.0211,0.07633795
-0.1084405,148.3933,0.06747996
-0.1061174,149.8568,0.05899647
-0.09734251,151.3828,0.04456332
-0.0880404,150.3297,0.038509
-0.07260564,149.545,0.02574778
-0.06277443,146.5154,0.01898523
-0.04258407,143.2862,0.002537997
-0.0330442,142.4885,-0.006309533
-0.02477411,141.9228,-0.01477031
-0.01174037,142.0468,-0.03134698
-0.008277075,144.0514,-0.04035973
0.005534494,150.6195,-0.06341998
0.01314482,153.703,-0.07471082
0.02949538,157.3019,-0.0950857
0.03618247,12.04087,-0.03421207
0.04314058,12.77349,-0.04474425
0.04711562,13.13213,-0.05064958
0.04870228,11.59618,-0.05458558
0.05430259,8.093,-0.0635063
0.05769191,6.64049,-0.06829557
0.0603194,3.416922,-0.07587945
0.06336121,2.583454,-0.08095237
0.0726795,-0.2484752,-0.09769638
0.08131207,0.4993362,-0.1076925
0.09338161,0.2834813,-0.1248353
0.09877689,1.741563,-0.1316847
0.1028361,2.131267,-0.1378522
0.1075113,2.916087,-0.145029
0.1097711,2.930611,-0.1485934
0.1137431,2.916087,-0.1552616
0.1159284,3.312137,-0.1583256
0.1204719,4.035333,-0.1629255
0.1229387,4.351658,-0.1646569
0.1255073,4.574894,-0.1666857
0.1281112,5.298352,-0.1673428
0.1292327,5.075772,-0.1669648
0.1342363,4.956066,-0.1692619
0.1369333,4.52131,-0.1710982
0.1406801,3.409657,-0.1746081
0.1419143,2.828604,-0.1762813
0.1430931,2.458648,-0.1802076
0.1439409,2.311869,-0.1821689
0.1443911,2.038551,-0.1835055
0.1444358,1.358065,-0.1854343
0.144167,0.9920695,-0.1860527
0.1441046,0.7618698,-0.1870883
0.1443132,0.7689131,-0.1875659
0.1439655,0.7562703,-0.1871929
0.144066,0.5225936,-0.1872809
0.1441408,0.1521309,-0.187176
0.1425003,-0.1761814,-0.185626
0.1408547,-0.4531045,-0.1839988
0.1362369,-0.5061494,-0.1769939
0.1341342,-0.5677739,-0.1737041
0.1246691,-0.3027551,-0.1609302
0.1193063,0.1087288,-0.1497612
0.1070023,1.263892,-0.1262633
0.1005967,1.919114,-0.1147166
0.09501021,2.459615,-0.1048707
0.07606307,3.111248,-0.08030394
0.06424055,2.936664,-0.06765358
0.04524767,2.85735,-0.04677747
0.0336059,3.769243,-0.03249425
0.008701177,5.669911,-0.004912636
-0.00395345,6.617234,0.008201769
-0.01537271,7.429122,0.01993864
0.01452245,7.121639,-0.007136926
0.01238142,5.968424,-0.004215902
0.005875168,2.829746,0.002761994
0.001687062,1.015739,0.006666498
-0.00841723,-0.9759974,0.01634435
-0.0141147,-1.543369,0.02192601
-0.01654995,-1.72957,0.03414523
-0.01963265,-1.951765,0.04077322
-0.06226184,-11.1097,0.02201349
-0.06391093,-9.727863,0.03013961
-0.06570882,-8.38522,0.03779905
-0.07103214,-6.597999,0.04782514
-0.07411598,-6.186215,0.05337963
-0.07785698,-5.507613,0.06648798
-0.08093549,-4.913838,0.07551446
-0.08755643,-3.864141,0.09277146
-0.09303527,-3.326608,0.1014454
-0.09836754,-2.803342,0.1098197
-0.1124437,-0.9937053,0.1278964
-0.1186973,-0.3028578,0.136472
-0.1398631,1.256068,0.1493809
-0.1498528,2.184891,0.1534843
-0.1707072,3.6298,0.1610292
-0.1808999,4.228959,0.1644566
-0.1975288,4.977908,0.1723554
-0.2052802,5.261576,0.1767632
-0.2114406,5.240469,0.1795769
-0.2249441,5.543433,0.1863247
-0.2297945,5.099664,0.1894562
-0.2387756,4.366583,0.1953938
-0.2431725,4.066315,0.198241
-0.2152599,3.721647,0.2425247
-0.2213511,3.63679,0.2452516
-0.2248817,4.358331,0.2475319
-0.2228211,4.786796,0.2472795
-0.2220475,5.121946,0.2473456
-0.2188071,5.353225,0.2469668
-0.2165898,5.332767,0.246507
-0.2451022,1.133627,0.2053322
-0.2412622,1.144482,0.2046748
-0.2283221,1.723263,0.2002499
-0.2205933,2.181848,0.1959769
-0.2136571,2.541952,0.1917615
-0.1969595,3.459642,0.1809498
-0.1902993,3.804369,0.1764883
-0.1757032,4.544205,0.1655084
-0.1669029,4.411366,0.1576993
-0.1519366,4.396445,0.1447212
-0.1429145,2.923064,0.13473
-0.1240903,-0.5331535,0.1137615
-0.1149463,-2.260822,0.1033827
-0.1032267,-5.089691,0.09156443
-0.08492418,-8.762922,0.07264832
-0.06993183,-10.92544,0.06111621
-0.04893647,-12.60118,0.03868992
-0.04034926,-13.07026,0.0280099
-0.02290871,-12.94968,0.006989497
-0.01382398,-12.77411,-0.003426298
0.01731007,167.3238,-0.0101408
0.01967888,167.5444,-0.01764212
0.0242496,167.8692,-0.02596452
0.03883208,169.5077,-0.04586658
0.02177113,9.073016,0.006416611
0.03898519,14.23331,-0.01148352
0.04615878,15.65415,-0.01954996
0.05900207,17.34912,-0.03630682
0.06555487,16.88114,-0.04385269
0.07157886,16.76691,-0.05160648
0.08077857,14.56007,-0.06430398
0.08430263,13.71032,-0.06849149
0.09267929,12.65369,-0.07915352
0.09510086,11.84005,-0.0836215
0.102787,10.8407,-0.0921765
0.1068172,10.47393,-0.09709691
0.1149812,9.810453,-0.1081885
0.1159192,9.759029,-0.1115423
0.1173028,9.666597,-0.1152721
0.1190024,9.39521,-0.1204458
0.1196255,9.252094,-0.1220403
0.1211656,9.222446,-0.1235969
0.1223332,9.175275,-0.1248319
0.1242999,9.364908,-0.1260071
0.1256272,9.41041,-0.126953
0.1287138,9.124022,-0.1291553
0.1307942,8.91494,-0.1306598
0.1329648,8.716913,-0.1323164
0.1360433,8.161524,-0.1355913
0.1377368,7.919868,-0.1374291
0.1424796,7.308461,-0.1436508
0.1448046,7.435268,-0.1473917
0.1499484,7.528152,-0.1552031
0.1523066,7.874249,-0.1593952
0.1542415,8.213155,-0.1640169
0.1576782,8.837461,-0.1720217
0.1596649,8.865574,-0.1771165
0.1638834,8.686846,-0.1872714
0.1660898,8.525873,-0.192289
0.1707669,8.330841,-0.2010002
0.1730645,8.269809,-0.2048146
0.1766632,8.170339,-0.2104333
0.1781747,8.092488,-0.2129153
0.1798708,8.021294,-0.2154566
0.1821242,7.851649,-0.2202217
0.1825359,7.761054,-0.2224909
0.1827211,7.417926,-0.2269537
0.1826666,7.282462,-0.2292431
0.1812419,7.173034,-0.2318414
0.1802502,7.015353,-0.2318064
0.1795031,6.867315,-0.2319835
0.1775821,6.517953,-0.2314153
0.1764086,6.329364,-0.2307208
0.175209,5.89917,-0.2301372
0.1745157,5.658288,-0.2296827
0.1732443,5.216019,-0.2289658
0.171958,5.205641,-0.2276078
0.1686077,5.331264,-0.2233287
0.166576,5.455328,-0.220405
0.1646008,5.56202,-0.2175693
0.1568305,6.331364,-0.2060203
0.1513861,6.859504,-0.1972378
0.1365984,7.939722,-0.1742479
0.1280488,8.47209,-0.1613548
0.1088902,9.523881,-0.1361658
0.0988499,10.04061,-0.1240294
0.08114412,11.314,-0.0993593
0.07355129,11.84906,-0.0891266
0.06586713,13.0776,-0.07652564
0.05459095,14.81674,-0.05582859
0.05010265,15.46015,-0.04676489
0.04133631,16.75914,-0.02715298
0.03685299,17.42843,-0.01685731
0.02883994,17.35885,0.003621976
0.02328492,17.04989,0.01187218
0.01738787,16.83829,0.02035742
0.001951879,-17.01672,-0.03424923
-0.002939411,-16.8905,-0.02688696
-0.01285486,-17.78256,-0.01486995
-0.01805076,-18.00487,-0.008279299
-0.02971672,-17.10884,0.005213471
-0.03517336,-16.1059,0.01308877
-0.04481462,-14.39924,0.03039953
-0.0492931,-13.64219,0.03948853
-0.05402727,-12.99623,0.04831885
-0.0600416,-10.46252,0.06250086
-0.06386831,-9.164877,0.06711681
-0.07253528,-7.259443,0.07798088
-0.07487816,-7.335423,0.08137608
-0.08053024,-7.670827,0.08730938
-0.08329416,-7.844706,0.0897356
-0.08474833,-7.824532,0.09313646
-0.08427657,-7.758877,0.09426641
-0.08374228,-7.470274,0.09427845
-0.08154607,-6.264789,0.09328732
-0.08000591,-5.452537,0.09240266
-0.07583054,-4.592594,0.09123594
-0.07357195,-4.393239,0.09081253
-0.0687055,-4.332926,0.09002024
-0.06669559,-4.222064,0.08981803
-0.06340855,-4.321613,0.08933964
-0.05735131,-4.195416,0.08811783
-0.05444619,-4.020897,0.08736413
-0.05002829,-3.602329,0.08565514
-0.04798032,-3.39304,0.08489622
-0.04466641,-3.10778,0.08322807
-0.04458957,-3.118081,0.08200915
-0.04395253,-3.064728,0.07936391
-0.04281653,-3.233274,0.07671446
-0.04158802,-3.379706,0.07395484
-0.04068254,-4.128175,0.06664746
-0.03875795,-4.894423,0.05964811
-0.03527691,-6.046113,0.04699704
-0.03436676,-7.120668,0.03754483
-0.03053402,-9.462318,0.01639349
-0.02816369,-10.69617,0.005570683
-0.01873104,-12.82835,-0.01297021
-0.01304238,-13.81201,-0.02122215
-0.004883558,-15.24575,-0.02589213
0.01060784,17.65702,0.03404392
0.01736517,18.04243,0.02990265
-0.01248058,10.68217,-0.01484295
-0.008278549,11.417,-0.01847098
-0.00388337,11.60334,-0.02435902
0.03899144,19.04699,0.009284399
0.03890055,18.84547,0.005168736
0.03743798,18.55835,0.004918349
0.03642488,18.36006,0.004256963
0.03310227,17.84161,0.003885157
0.03130127,17.61028,0.003988917
0.02802294,17.68447,0.003936404
0.02656144,17.5941,0.003993023
0.02425362,17.54312,0.003669649
0.02137946,17.46917,0.00422896
0.01869747,17.41482,0.004608076
0.01131485,17.32142,0.005553383
0.007675338,17.28819,0.005823574
-0.005353409,17.07937,0.006600284
-0.01695475,17.07565,0.0068374
-0.03638944,17.03038,0.00625668
-0.01443087,-4.629107,-0.03237846
-0.04756408,-5.591799,-0.04508246
-0.06356242,-6.040051,-0.05168218
-0.08101395,-5.427423,-0.0608881
-0.1076844,-4.78035,-0.07399135
-0.1228345,-3.561532,-0.08608522
-0.1467954,-1.795158,-0.1024468
-0.1569602,-1.181237,-0.1086146
-0.170598,-0.7863318,-0.1238867
-0.1759931,-0.7787256,-0.1323035
-0.1940528,-1.045907,-0.1515786
-0.2019265,-1.06246,-0.1614286
-0.2100583,-1.036186,-0.1706924
-0.2197683,-1.074598,-0.1855201
-0.2228261,-1.110357,-0.1916811
-0.215709,-1.529576,-0.1918624
-0.2129542,-1.659169,-0.1913697
-0.2101668,-1.837048,-0.1919385
-0.2069629,-2.418272,-0.1909862
-0.2045137,-2.898263,-0.1904815
-0.1979809,-4.264303,-0.1886807
-0.1957752,-4.790758,-0.1883622
-0.1901003,-5.899193,-0.1870883
-0.1873977,-5.747457,-0.1862957
-0.1772051,-5.086867,-0.1813708
-0.1723405,-4.927785,-0.1792147
-0.1630218,-4.491079,-0.1725348
-0.1585737,-4.189315,-0.1683353
-0.1546513,-3.892786,-0.1648193
-0.1343023,-3.223772,-0.1451703
-0.1133444,-3.178662,-0.125502
-0.06156312,-1.275763,-0.07469359
-0.04428976,-0.5668981,-0.05919061
-0.002721356,2.119487,-0.02478177
0.01340575,3.130358,-0.01203226
-0.00768673,-20.98606,-0.02971677
0.02347258,-22.05138,-0.004283559
0.03492447,-20.86875,-1.86193E-05
0.02157017,-6.499667,0.03901098
0.03532764,-6.851357,0.04410731
0.04050422,-4.66502,0.06265133
0.0789606,-17.60888,0.03472582
0.08910679,-16.73479,0.04976109
0.09077708,-16.57876,0.05743084
0.0928325,-16.59036,0.06453568
0.1009582,-16.47056,0.07977425
0.1061423,-16.37631,0.08792616
0.1071214,-18.22974,0.101046
0.1071155,-19.23301,0.1080093
0.1074532,-20.62334,0.1190992
0.1075601,-21.14491,0.1234906
0.1088703,-20.90552,0.1217001
0.1097797,-20.93926,0.1222986
0.1103971,-20.32447,0.1192438
0.1107172,-18.96265,0.1138108
0.1103112,-18.269,0.1111663
0.1040176,-16.86197,0.1062021
0.1014901,-16.43127,0.1042092
0.09540983,-15.8957,0.1006498
0.0928793,-15.66581,0.09916189
0.08765922,-15.47271,0.09503159
0.08400135,-15.28209,0.09321599
0.0805888,-15.05649,0.09150231
0.07539692,-14.64966,0.08771658
0.06623788,-15.47771,0.08715153
0.05251042,-16.24949,0.08336969
0.04469515,-16.28465,0.07867382
0.02361165,-16.0227,0.06656083
0.01183592,-15.84972,0.05976631
0.001794134,-15.73244,0.05405507
-0.01954012,-15.21921,0.02912184
-0.02868083,-14.40775,0.008362489
-0.03700149,-13.5395,-0.008021243
-0.01902108,3.856344,-0.001432959
-0.03485786,3.560581,-0.02199365
-0.05993992,3.282202,-0.04701649
-0.07720466,3.596721,-0.06118106
-0.09231326,3.80361,-0.07442385
-0.120267,2.47006,-0.1002821
-0.134923,2.205318,-0.1112892
-0.1589004,1.841082,-0.1344773
-0.1650123,1.250715,-0.1379464
-0.1726634,0.8624836,-0.1435301
-0.1855797,0.388263,-0.1567478
-0.1943624,0.2218117,-0.1645582
-0.2096041,-0.9412212,-0.1699062
-0.2207354,-2.667942,-0.1750512
-0.2314775,-3.846299,-0.1809382
-0.2465197,-5.521758,-0.1872149
-0.2539911,-6.028471,-0.1915698
-0.2645099,-5.887488,-0.1937139
-0.2603021,-4.833266,-0.1915517
-0.2535485,-3.965283,-0.1890373
-0.2485643,-3.750811,-0.1868722
-0.2332087,-3.534306,-0.1789552
-0.2233268,-3.433149,-0.1738666
-0.2079415,-3.30658,-0.1662821
-0.1852049,-3.016825,-0.1563033
-0.164678,-2.561614,-0.1437065
-0.1194871,-1.626862,-0.1168868
-0.09762292,-1.151728,-0.104533
-0.05091862,-0.4071717,-0.07857268
-0.06667297,8.944919,-0.02797553
-0.04352851,11.61873,-0.01226895
-0.003169907,13.36119,0.0124101
0.01540221,13.61507,0.02300313
0.008324827,-2.414536,0.007146704
0.02246976,-1.776815,0.01698021
0.05144297,0.7037048,0.04059876
0.0668423,1.418597,0.05085415
0.08881947,2.165641,0.05723983
0.1232395,3.223266,0.06197567
0.1374872,3.568589,0.06272647
0.1398424,2.943395,0.06606933
0.1559789,2.395312,0.07366106
0.1560722,2.273299,0.080687
0.1438969,2.359294,0.08826333
0.1368841,2.436844,0.09881481
0.130959,2.189103,0.1012865
0.1258096,1.94204,0.1042581
0.1119118,1.540782,0.1087128
0.1065691,1.38394,0.1107971
0.09817646,0.5460572,0.1100443
0.09510535,0.2633813,0.1078882
0.08890733,-0.9605407,0.1042725
0.08583285,-1.749809,0.1028455
0.08242513,-3.087471,0.09968187
0.08151486,-3.687962,0.09808856
0.08274986,-4.484361,0.09521861
0.0834748,-5.869418,0.09145176
0.08358221,-5.801841,0.08904328
0.08290605,-5.473166,0.08505863
0.08233815,-5.248182,0.08328056
0.0824354,-4.541839,0.07903705
0.08245693,-4.327935,0.07713741
0.07824303,-4.538766,0.07552135
0.07603861,-4.506633,0.07528476
0.0740667,-4.496448,0.07497367
0.06856487,-4.570246,0.07514233
0.06507853,-4.642124,0.07556044
0.05414616,-5.170135,0.07883784
0.08562227,-12.93859,0.04392767
0.0724818,-13.67903,0.04827257
0.07035334,-14.15295,0.04860025
0.0680958,-14.51307,0.04885567
0.06765315,-15.51607,0.04825196
0.06674452,-15.89813,0.04811919
0.0691639,-15.9322,0.04550349
0.070746,-15.79422,0.04377236
0.07319862,-15.63909,0.04069321
0.07555093,-15.4035,0.03846464
0.07967949,-14.99643,0.03449378
0.04203389,-1.480179,0.06884427
0.04335527,-1.267773,0.06742801
0.04505721,-0.809777,0.06509055
0.04499884,-0.8718255,0.064601
0.04365238,-1.145164,0.0642128
0.04270875,-1.305049,0.06407759
0.04106728,-1.479236,0.06339753
0.03993459,-1.577001,0.06307637
0.03761553,-1.507878,0.06310342
0.07175786,-15.02887,0.02717187
0.0707687,-15.26349,0.02714418
0.06866603,-15.47211,0.02765655
0.06779033,-15.56125,0.02780612
0.0670135,-15.69988,0.0274022
0.06659964,-15.76743,0.02716894
0.06652158,-15.34763,0.02586226
0.0660155,-15.07287,0.02555306
0.06494701,-14.57842,0.02502568
0.06555304,-14.08339,0.02407048
0.06601126,-13.6304,0.02322953
0.06825273,-12.92539,0.02155683
0.02939665,-3.210899,0.05850108
0.02975987,-3.044781,0.05770617
0.0296955,-2.895354,0.05733335
0.02992073,-2.510493,0.05654018
0.03019105,-2.251002,0.05613118
0.03174374,-1.823395,0.05533697
0.03172746,-1.857849,0.05555198
0.03172153,-1.886638,0.05574309
0.03140548,-2.410819,0.05649932
0.03110108,-2.925797,0.05710611
0.03167748,-3.867214,0.05738594
0.03108422,-4.011121,0.05767294
0.03016298,-4.282472,0.05818039
0.02977288,-4.417122,0.05842229
0.06827788,-14.27961,0.02161401
0.06588059,-14.47488,0.02243248
0.06481151,-14.48012,0.02256453
0.06298101,-14.49754,0.02277089
0.06305733,-14.69788,0.02290794
0.06305251,-14.98551,0.02309867
0.06275591,-15.25965,0.02367336
0.0625838,-16.07534,0.02550777
0.06248077,-16.4928,0.02647677
0.06201463,-16.94991,0.02756314
0.06136473,-17.29377,0.02849602
0.06106856,-17.30105,0.02858756
0.06136967,-17.31054,0.02817878
0.06174309,-17.31016,0.02779993
0.06196614,-17.25607,0.02680137
0.0619514,-17.25293,0.02641643
0.06108955,-17.19123,0.02606503
0.05945149,-16.96172,0.02510508
0.05892232,-16.82515,0.02453487
0.05688365,-16.87983,0.02446278
0.05598733,-16.90885,0.02440093
0.05571366,-17.09256,0.02408668
0.05662031,-17.24313,0.02373241
0.05794661,-17.4941,0.0231454
0.05822472,-17.58926,0.02297666
0.05849385,-17.68596,0.02281689
0.05882397,-18.02897,0.02297554
0.05811004,-18.00937,0.02303056
0.05673883,-17.99026,0.02309851
0.05601487,-17.97108,0.02327598
0.05507692,-17.87514,0.02347448
0.05483562,-17.80497,0.02352573
0.05399418,-17.73811,0.02372108
0.05336767,-17.73396,0.02386588
0.05304,-17.66198,0.02384313
0.05345685,-17.45158,0.02340831
0.05421653,-17.31406,0.02299891
0.05686446,-17.00474,0.02169931
0.05872783,-16.83573,0.02081133
0.06152894,-16.67638,0.01971862
0.06272326,-16.59913,0.01926329
0.06300552,-16.55561,0.01911934
0.06402932,-16.31249,0.01844399
0.02531615,-1.956392,0.05361795
0.02563173,-1.144955,0.05323975
0.02548401,-0.6246247,0.05323663
0.02900359,-0.3397969,0.05244315
0.03208673,-0.2561725,0.05120888
0.03766872,-0.03217843,0.04890288
0.0411791,-0.1499748,0.04724755
0.04447796,-0.2159751,0.04567427
0.04675163,-0.03035511,0.04355191
0.04815338,0.06770912,0.04245362
0.04831621,0.3203242,0.04161777
0.04933512,0.3794796,0.04170295
0.05172988,0.3225923,0.04228169
0.05302163,0.2276589,0.04281513
0.05408642,0.1148093,0.04339339
0.05186078,-1.392691,0.04656401
0.04685019,-2.312359,0.05022282
0.04033462,-3.723733,0.05551401
0.03394458,-3.77788,0.05878846
0.06113207,150.8031,0.03483685
0.06240376,146.9106,0.03858542
0.07119463,136.5376,0.0470241
0.07643261,130.6493,0.05148502
0.08558541,122.9942,0.05443855
0.09951119,109.3943,0.05940447
0.1048466,103.4515,0.06130924
0.112269,88.11733,0.06861041
0.1151894,80.25758,0.07194602
0.1168439,64.13486,0.07847478
0.1181947,57.68582,0.07991048
0.1131822,48.6072,0.08588401
0.102823,46.10965,0.09192402
0.09796938,41.97882,0.09567304
0.09553271,46.34385,0.1035243
0.09522299,44.98867,0.1069741
0.1084728,42.18075,0.1042566
0.1191076,37.49303,0.1008875
0.130404,30.6575,0.09764504
0.1394162,25.60178,0.09383778
0.1424395,17.61736,0.09174305
0.1416567,13.69395,0.09119287
0.1360095,12.2755,0.09144352
0.1312907,7.171552,0.08938789
0.1278906,4.704926,0.08732878
0.1218545,-3.914985,0.08017091
0.1189831,-9.240247,0.07556447
