PID,taskType,rightHanded,width,length,rotation,execType,trialRep,PositionX,PositionY
0,True,False,0.02,0.2,Rot1,0,0,-0.0008179849,0.003540754

0,True,False,0.02,0.2,Rot1,0,0,-0.001356036,0.00459516

0,True,False,0.02,0.2,Rot1,0,0,-0.0007237201,0.005045176

0,True,False,0.02,0.2,Rot1,0,0,-0.0002627972,0.005402207

0,True,False,0.02,0.2,Rot1,0,0,0.0008758007,0.005892158

0,True,False,0.02,0.2,Rot1,0,0,0.001810074,0.006308794

0,True,False,0.02,0.2,Rot1,0,0,0.002984077,0.006330609

0,True,False,0.02,0.2,Rot1,0,0,0.003905505,0.006349683

0,True,False,0.02,0.2,Rot1,0,0,0.00506121,0.006386995

0,True,False,0.02,0.2,Rot1,0,0,0.006396741,0.006124973

0,True,False,0.02,0.2,Rot1,0,0,0.007679642,0.005939603

0,True,False,0.02,0.2,Rot1,0,0,0.00996706,0.005604386

0,True,False,0.02,0.2,Rot1,0,0,0.01215601,0.005374432

0,True,False,0.02,0.2,Rot1,0,0,0.01260421,0.004660248

0,True,False,0.02,0.2,Rot1,0,0,0.01305285,0.004160999

0,True,False,0.02,0.2,Rot1,0,0,0.01351732,0.003766177

0,True,False,0.02,0.2,Rot1,0,0,0.01334599,0.003259657

0,True,False,0.02,0.2,Rot1,0,0,0.01327926,0.002851127

0,True,False,0.02,0.2,Rot1,0,0,0.01316101,0.002800941

0,True,False,0.02,0.2,Rot1,0,0,0.01316393,0.002756953

0,True,False,0.02,0.2,Rot1,0,0,0.01299489,0.002710103

0,True,False,0.02,0.2,Rot1,0,0,0.01301235,0.002610325

0,True,False,0.02,0.2,Rot1,0,0,0.01318467,0.002508521

0,True,False,0.02,0.2,Rot1,0,0,0.0133659,0.002406834

0,True,False,0.02,0.2,Rot1,0,0,0.01353556,0.002349853

0,True,False,0.02,0.2,Rot1,0,0,0.01364678,0.00241065

0,True,False,0.02,0.2,Rot1,0,0,0.01364726,0.002412556

0,True,False,0.02,0.2,Rot1,0,0,0.01363361,0.002420782

0,True,False,0.02,0.2,Rot1,0,0,0.01360533,0.002394915

0,True,False,0.02,0.2,Rot1,0,0,0.01343063,0.002337098

0,True,False,0.02,0.2,Rot1,0,0,0.01334185,0.00230527

0,True,False,0.02,0.2,Rot1,0,0,0.01325187,0.0022707

0,True,False,0.02,0.2,Rot1,0,0,0.01308429,0.002271415

0,True,False,0.02,0.2,Rot1,0,0,0.01291207,0.002270938

0,True,False,0.02,0.2,Rot1,0,0,0.01266113,0.002328635

0,True,False,0.02,0.2,Rot1,0,0,0.01234606,0.002403023

0,True,False,0.02,0.2,Rot1,0,0,0.01197067,0.00247872

0,True,False,0.02,0.2,Rot1,0,0,0.01161471,0.002605201

0,True,False,0.02,0.2,Rot1,0,0,0.01143155,0.002673747

0,True,False,0.02,0.2,Rot1,0,0,0.01121774,0.002841355

0,True,False,0.02,0.2,Rot1,0,0,0.01095545,0.003068926

0,True,False,0.02,0.2,Rot1,0,0,0.01063895,0.0033623

0,True,False,0.02,0.2,Rot1,0,0,0.01033977,0.003589514

0,True,False,0.02,0.2,Rot1,0,0,0.009991556,0.003853801

0,True,False,0.02,0.2,Rot1,0,0,0.009503216,0.004343274

0,True,False,0.02,0.2,Rot1,0,0,0.008965105,0.004894974

0,True,False,0.02,0.2,Rot1,0,0,0.008498966,0.005304578

0,True,False,0.02,0.2,Rot1,0,0,0.008140177,0.005659701

0,True,False,0.02,0.2,Rot1,0,0,0.007869809,0.005933406

0,True,False,0.02,0.2,Rot1,0,0,0.007735997,0.006116392

0,True,False,0.02,0.2,Rot1,0,0,0.007617681,0.006285908

0,True,False,0.02,0.2,Rot1,0,0,0.007502584,0.006457808

0,True,False,0.02,0.2,Rot1,0,0,0.007455795,0.006626966

0,True,False,0.02,0.2,Rot1,0,0,0.007415501,0.006798151

0,True,False,0.02,0.2,Rot1,0,0,0.00739446,0.00698531

0,True,False,0.02,0.2,Rot1,0,0,0.007313249,0.007123593

0,True,False,0.02,0.2,Rot1,0,0,0.007160661,0.007386926

0,True,False,0.02,0.2,Rot1,0,0,0.007101563,0.007515672

0,True,False,0.02,0.2,Rot1,0,0,0.007046995,0.007651093

0,True,False,0.02,0.2,Rot1,0,0,0.007015762,0.007809285

0,True,False,0.02,0.2,Rot1,0,0,0.006830898,0.00811756

0,True,False,0.02,0.2,Rot1,0,0,0.006883112,0.008290055

0,True,False,0.02,0.2,Rot1,0,0,0.006894645,0.00846875

0,True,False,0.02,0.2,Rot1,0,0,0.006850836,0.008632067

0,True,False,0.02,0.2,Rot1,0,0,0.006691542,0.00885928

0,True,False,0.02,0.2,Rot1,0,0,0.006637868,0.009019379

0,True,False,0.02,0.2,Rot1,0,0,0.006621477,0.009116772

0,True,False,0.02,0.2,Rot1,0,0,0.006609109,0.009196165

0,True,False,0.02,0.2,Rot1,0,0,0.006468353,0.00921798

0,True,False,0.02,0.2,Rot1,0,0,0.006380346,0.009277466

0,True,False,0.02,0.2,Rot1,0,0,0.006213006,0.009381535

0,True,False,0.02,0.2,Rot1,0,0,0.005565223,0.009761693

0,True,False,0.02,0.2,Rot1,0,0,0.004840042,0.01016605

0,True,False,0.02,0.2,Rot1,0,0,0.004225458,0.0109421

0,True,False,0.02,0.2,Rot1,0,0,0.003424401,0.01197553

0,True,False,0.02,0.2,Rot1,0,0,0.00325697,0.01358986

0,True,False,0.02,0.2,Rot1,0,0,0.00325697,0.01358986

0,True,False,0.02,0.2,Rot1,0,0,0.00325697,0.01358986

0,True,False,0.02,0.2,Rot1,0,0,0.00325697,0.01358986

0,True,False,0.02,0.2,Rot1,0,0,0.00325697,0.01358986

0,True,False,0.02,0.2,Rot1,0,0,0.00325697,0.01358986

0,True,False,0.02,0.2,Rot1,0,0,0.00325697,0.01358986

0,True,False,0.02,0.2,Rot1,0,0,0.00325697,0.01358986

0,True,False,0.02,0.2,Rot1,0,0,0.00325697,0.01358986

0,True,False,0.02,0.2,Rot1,0,0,0.00325697,0.01358986

0,True,False,0.02,0.2,Rot1,0,0,0.00325697,0.01358986

0,True,False,0.02,0.2,Rot1,0,0,0.00325697,0.01358986

0,True,False,0.02,0.2,Rot1,0,0,0.00325697,0.01358986

0,True,False,0.02,0.2,Rot1,0,0,0.00325697,0.01358986

0,True,False,0.02,0.2,Rot1,0,0,0.00325697,0.01358986

0,True,False,0.02,0.2,Rot1,0,0,0.00325697,0.01358986

0,True,False,0.02,0.2,Rot1,0,0,0.00325697,0.01358986

0,True,False,0.02,0.2,Rot1,0,0,0.00325697,0.01358986

0,True,False,0.02,0.2,Rot1,0,0,0.00325697,0.01358986

0,True,False,0.02,0.2,Rot1,0,0,0.00325697,0.01358986

0,True,False,0.02,0.2,Rot1,0,0,0.00325697,0.01358986

0,True,False,0.02,0.2,Rot1,0,0,0.00325697,0.01358986

0,True,False,0.02,0.2,Rot1,0,0,0.00325697,0.01358986

0,True,False,0.02,0.2,Rot1,0,0,0.00325697,0.01358986

0,True,False,0.02,0.2,Rot1,0,0,0.00325697,0.01358986

0,True,False,0.02,0.2,Rot1,0,0,0.00325697,0.01358986

0,True,False,0.02,0.2,Rot1,0,0,0.00325697,0.01358986

0,True,False,0.02,0.2,Rot1,0,0,0.00325697,0.01358986

0,True,False,0.02,0.2,Rot1,0,0,0.00325697,0.01358986

0,True,False,0.02,0.2,Rot1,0,0,0.00325697,0.01358986

0,True,False,0.02,0.2,Rot1,0,0,0.00325697,0.01358986

0,True,False,0.02,0.2,Rot1,0,0,0.00325697,0.01358986

0,True,False,0.02,0.2,Rot1,0,0,0.00325697,0.01358986

0,True,False,0.02,0.2,Rot1,0,0,0.00325697,0.01358986

0,True,False,0.02,0.2,Rot1,0,0,0.00325697,0.01358986

0,True,False,0.02,0.2,Rot1,0,0,0.00325697,0.01358986

0,True,False,0.02,0.2,Rot1,0,0,0.00325697,0.01358986

0,True,False,0.02,0.2,Rot1,0,0,0.00325697,0.01358986

0,True,False,0.02,0.2,Rot1,0,0,0.00325697,0.01358986

0,True,False,0.02,0.2,Rot1,0,0,0.00325697,0.01358986

0,True,False,0.02,0.2,Rot1,0,0,0.00325697,0.01358986

0,True,False,0.02,0.2,Rot1,0,0,0.00325697,0.01358986

0,True,False,0.02,0.2,Rot1,0,0,0.00325697,0.01358986

0,True,False,0.02,0.2,Rot1,0,0,0.00325697,0.01358986

0,True,False,0.02,0.2,Rot1,0,0,0.00325697,0.01358986

0,True,False,0.02,0.2,Rot1,0,0,0.00325697,0.01358986

0,True,False,0.02,0.2,Rot1,0,0,0.00325697,0.01358986

0,True,False,0.02,0.2,Rot1,0,0,0.00325697,0.01358986

0,True,False,0.02,0.2,Rot1,0,0,0.00325697,0.01358986

0,True,False,0.02,0.2,Rot1,0,0,0.00325697,0.01358986

0,True,False,0.02,0.2,Rot1,0,0,0.00325697,0.01358986

0,True,False,0.02,0.2,Rot1,0,0,0.00325697,0.01358986

0,True,False,0.02,0.2,Rot1,0,0,0.00325697,0.01358986

0,True,False,0.02,0.2,Rot1,0,0,0.00325697,0.01358986

0,True,False,0.02,0.2,Rot1,0,0,0.00325697,0.01358986

0,True,False,0.02,0.2,Rot1,0,0,0.00325697,0.01358986

0,True,False,0.02,0.2,Rot1,0,0,0.00325697,0.01358986

0,True,False,0.02,0.2,Rot1,0,0,0.00325697,0.01358986

0,True,False,0.02,0.2,Rot1,0,0,0.00325697,0.01358986

0,True,False,0.02,0.2,Rot1,0,0,0.00325697,0.01358986

0,True,False,0.02,0.2,Rot1,0,0,0.00325697,0.01358986

0,True,False,0.02,0.2,Rot1,0,0,0.00325697,0.01358986

0,True,False,0.02,0.2,Rot1,0,0,0.00325697,0.01358986

0,True,False,0.02,0.2,Rot1,0,0,0.00325697,0.01358986

0,True,False,0.02,0.2,Rot1,0,0,0.00325697,0.01358986

0,True,False,0.02,0.2,Rot1,0,0,0.00325697,0.01358986

0,True,False,0.02,0.2,Rot1,0,0,0.00325697,0.01358986

0,True,False,0.02,0.2,Rot1,0,0,0.00325697,0.01358986

0,True,False,0.02,0.2,Rot1,0,0,0.00325697,0.01358986

0,True,False,0.02,0.2,Rot1,0,0,0.00325697,0.01358986

0,True,False,0.02,0.2,Rot1,0,0,0.00325697,0.01358986

0,True,False,0.02,0.2,Rot1,0,0,0.00325697,0.01358986

0,True,False,0.02,0.2,Rot1,0,0,0.00325697,0.01358986

0,True,False,0.02,0.2,Rot1,0,0,0.00325697,0.01358986

0,True,False,0.02,0.2,Rot1,0,0,0.00325697,0.01358986

0,True,False,0.02,0.2,Rot1,0,0,0.00325697,0.01358986

0,True,False,0.02,0.2,Rot1,0,0,0.00325697,0.01358986

0,True,False,0.02,0.2,Rot1,0,0,0.00325697,0.01358986

0,True,False,0.02,0.2,Rot1,0,0,0.00325697,0.01358986

0,True,False,0.02,0.2,Rot1,0,0,0.00325697,0.01358986

0,True,False,0.02,0.2,Rot1,0,0,0.00325697,0.01358986

0,True,False,0.02,0.2,Rot1,0,0,0.00325697,0.01358986

0,True,False,0.02,0.2,Rot1,0,0,0.00325697,0.01358986

0,True,False,0.02,0.2,Rot1,0,0,0.00325697,0.01358986

0,True,False,0.02,0.2,Rot1,0,0,0.00325697,0.01358986

0,True,False,0.02,0.2,Rot1,0,0,0.00325697,0.01358986

0,True,False,0.02,0.2,Rot1,0,0,0.00325697,0.01358986

0,True,False,0.02,0.2,Rot1,0,0,0.00325697,0.01358986

0,True,False,0.02,0.2,Rot1,0,0,0.00325697,0.01358986

0,True,False,0.02,0.2,Rot1,0,0,0.00325697,0.01358986

0,True,False,0.02,0.2,Rot1,0,0,0.00325697,0.01358986

0,True,False,0.02,0.2,Rot1,0,0,0.00325697,0.01358986

0,True,False,0.02,0.2,Rot1,0,0,0.00325697,0.01358986

0,True,False,0.02,0.2,Rot1,0,0,0.00325697,0.01358986

0,True,False,0.02,0.2,Rot1,0,0,0.00325697,0.01358986

0,True,False,0.02,0.2,Rot1,0,0,0.00325697,0.01358986

0,True,False,0.02,0.2,Rot1,0,0,0.00325697,0.01358986

0,True,False,0.02,0.2,Rot1,0,0,0.00325697,0.01358986

0,True,False,0.02,0.2,Rot1,0,0,0.00325697,0.01358986

0,True,False,0.02,0.2,Rot1,0,0,0.00325697,0.01358986

0,True,False,0.02,0.2,Rot1,0,0,0.00325697,0.01358986

0,True,False,0.02,0.2,Rot1,0,0,0.00325697,0.01358986

0,True,False,0.02,0.2,Rot1,0,0,0.00325697,0.01358986

0,True,False,0.02,0.2,Rot1,0,0,0.00325697,0.01358986

0,True,False,0.02,0.2,Rot1,0,0,0.00325697,0.01358986

0,True,False,0.02,0.2,Rot1,0,0,0.00325697,0.01358986

0,True,False,0.02,0.2,Rot1,0,0,0.00325697,0.01358986

0,True,False,0.02,0.2,Rot1,0,0,0.00325697,0.01358986

0,True,False,0.02,0.2,Rot1,0,0,0.00325697,0.01358986

0,True,False,0.02,0.2,Rot1,0,0,0.00325697,0.01358986

0,True,False,0.02,0.2,Rot1,0,0,0.00325697,0.01358986

0,True,False,0.02,0.2,Rot1,0,0,0.00325697,0.01358986

0,True,False,0.02,0.2,Rot1,0,0,0.00325697,0.01358986

0,True,False,0.02,0.2,Rot1,0,0,0.00325697,0.01358986

0,True,False,0.02,0.2,Rot1,0,0,0.00325697,0.01358986

0,True,False,0.02,0.2,Rot1,0,0,0.00325697,0.01358986

0,True,False,0.02,0.2,Rot1,0,0,0.00325697,0.01358986

0,True,False,0.02,0.2,Rot1,0,0,0.00325697,0.01358986

0,True,False,0.02,0.2,Rot1,0,0,0.00325697,0.01358986

0,True,False,0.02,0.2,Rot1,0,0,0.00325697,0.01358986

0,True,False,0.02,0.2,Rot1,0,0,0.00325697,0.01358986

0,True,False,0.02,0.2,Rot1,0,0,0.00325697,0.01358986

0,True,False,0.02,0.2,Rot1,0,0,0.00325697,0.01358986

0,True,False,0.02,0.2,Rot1,0,0,0.00325697,0.01358986

0,True,False,0.02,0.2,Rot1,0,0,0.00325697,0.01358986

0,True,False,0.02,0.2,Rot1,0,0,0.00325697,0.01358986

0,True,False,0.02,0.2,Rot1,0,0,0.00325697,0.01358986

0,True,False,0.02,0.2,Rot1,0,0,0.00325697,0.01358986

0,True,False,0.02,0.2,Rot1,0,0,0.00325697,0.01358986

0,True,False,0.02,0.2,Rot1,0,0,0.00325697,0.01358986

0,True,False,0.02,0.2,Rot1,0,0,0.00325697,0.01358986

0,True,False,0.02,0.2,Rot1,0,0,0.00325697,0.01358986

0,True,False,0.02,0.2,Rot1,0,0,0.00325697,0.01358986

0,True,False,0.02,0.2,Rot1,0,0,0.00325697,0.01358986

0,True,False,0.02,0.2,Rot1,0,0,0.00325697,0.01358986

0,True,False,0.02,0.2,Rot1,0,0,0.00325697,0.01358986

0,True,False,0.02,0.2,Rot1,0,0,0.00325697,0.01358986

0,True,False,0.02,0.2,Rot1,0,0,0.00325697,0.01358986

0,True,False,0.02,0.2,Rot1,0,0,0.00325697,0.01358986

0,True,False,0.02,0.2,Rot1,0,0,0.00325697,0.01358986

0,True,False,0.02,0.2,Rot1,0,0,0.00325697,0.01358986

0,True,False,0.02,0.2,Rot1,0,0,0.00325697,0.01358986

0,True,False,0.02,0.2,Rot1,0,0,0.00325697,0.01358986

0,True,False,0.02,0.2,Rot1,0,0,0.00325697,0.01358986

0,True,False,0.02,0.2,Rot1,0,0,0.00325697,0.01358986

0,True,False,0.02,0.2,Rot1,0,0,0.00325697,0.01358986

0,True,False,0.02,0.2,Rot1,0,0,0.00325697,0.01358986

0,True,False,0.02,0.2,Rot1,0,0,0.00325697,0.01358986

0,True,False,0.02,0.2,Rot1,0,0,0.00325697,0.01358986

0,True,False,0.02,0.2,Rot1,0,0,0.00325697,0.01358986

0,True,False,0.02,0.2,Rot1,0,0,0.00325697,0.01358986

0,True,False,0.02,0.2,Rot1,0,0,0.00325697,0.01358986

0,True,False,0.02,0.2,Rot1,0,0,0.00325697,0.01358986

0,True,False,0.02,0.2,Rot1,0,0,0.00325697,0.01358986

0,True,False,0.02,0.2,Rot1,0,0,0.00325697,0.01358986

0,True,False,0.02,0.2,Rot1,0,0,0.00325697,0.01358986

0,True,False,0.02,0.2,Rot1,0,0,0.00325697,0.01358986

0,True,False,0.02,0.2,Rot1,0,0,0.00325697,0.01358986

0,True,False,0.02,0.2,Rot1,0,0,0.00325697,0.01358986

0,True,False,0.02,0.2,Rot1,0,0,0.00325697,0.01358986

0,True,False,0.02,0.2,Rot1,0,0,0.00325697,0.01358986

0,True,False,0.02,0.2,Rot1,0,0,0.00325697,0.01358986

0,True,False,0.02,0.2,Rot1,0,0,0.00325697,0.01358986

0,True,False,0.02,0.2,Rot1,0,0,0.00325697,0.01358986

0,True,False,0.02,0.2,Rot1,0,0,0.00325697,0.01358986

0,True,False,0.02,0.2,Rot1,0,0,0.00325697,0.01358986

0,True,False,0.02,0.2,Rot1,0,0,0.00325697,0.01358986

0,True,False,0.02,0.2,Rot1,0,0,0.00325697,0.01358986

0,True,False,0.02,0.2,Rot1,0,0,0.00325697,0.01358986

0,True,False,0.02,0.2,Rot1,0,0,0.00325697,0.01358986

0,True,False,0.02,0.2,Rot1,0,0,0.00325697,0.01358986

0,True,False,0.02,0.2,Rot1,0,0,0.00325697,0.01358986

0,True,False,0.02,0.2,Rot1,0,0,0.00325697,0.01358986

0,True,False,0.02,0.2,Rot1,0,0,0.00325697,0.01358986

0,True,False,0.02,0.2,Rot1,0,0,0.00325697,0.01358986

0,True,False,0.02,0.2,Rot1,0,0,0.00325697,0.01358986

0,True,False,0.02,0.2,Rot1,0,0,0.00325697,0.01358986

0,True,False,0.02,0.2,Rot1,0,0,0.00325697,0.01358986

0,True,False,0.02,0.2,Rot1,0,0,0.00325697,0.01358986

0,True,False,0.02,0.2,Rot1,0,0,0.00325697,0.01358986

0,True,False,0.02,0.2,Rot1,0,0,0.00325697,0.01358986

0,True,False,0.02,0.2,Rot1,0,0,0.00325697,0.01358986

0,True,False,0.02,0.2,Rot1,0,0,0.00325697,0.01358986

0,True,False,0.02,0.2,Rot1,0,0,0.00325697,0.01358986

0,True,False,0.02,0.2,Rot1,0,0,0.00325697,0.01358986

0,True,False,0.02,0.2,Rot1,0,0,0.00325697,0.01358986

0,True,False,0.02,0.2,Rot1,0,0,0.00325697,0.01358986

0,True,False,0.02,0.2,Rot1,0,0,0.00325697,0.01358986

0,True,False,0.02,0.2,Rot1,0,0,0.00325697,0.01358986

0,True,False,0.02,0.2,Rot1,0,0,0.00325697,0.01358986

0,True,False,0.02,0.2,Rot1,0,0,0.00325697,0.01358986

0,True,False,0.02,0.2,Rot1,0,0,0.00325697,0.01358986

0,True,False,0.02,0.2,Rot1,0,0,0.00325697,0.01358986

0,True,False,0.02,0.2,Rot1,0,0,0.00325697,0.01358986

0,True,False,0.02,0.2,Rot1,0,0,0.00325697,0.01358986

0,True,False,0.02,0.2,Rot1,0,0,0.00325697,0.01358986

0,True,False,0.02,0.2,Rot1,0,0,0.00325697,0.01358986

0,True,False,0.02,0.2,Rot1,0,0,0.00325697,0.01358986

0,True,False,0.02,0.2,Rot1,0,0,0.00325697,0.01358986

0,True,False,0.02,0.2,Rot1,0,0,0.00325697,0.01358986

0,True,False,0.02,0.2,Rot1,0,0,0.00325697,0.01358986

0,True,False,0.02,0.2,Rot1,0,0,0.00325697,0.01358986

0,True,False,0.02,0.2,Rot1,0,0,0.00325697,0.01358986

0,True,False,0.02,0.2,Rot1,0,0,0.00325697,0.01358986

0,True,False,0.02,0.2,Rot1,0,0,0.00325697,0.01358986

0,True,False,0.02,0.2,Rot1,0,0,0.00325697,0.01358986

0,True,False,0.02,0.2,Rot1,0,0,0.00325697,0.01358986

0,True,False,0.02,0.2,Rot1,0,0,0.00325697,0.01358986

0,True,False,0.02,0.2,Rot1,0,0,0.00325697,0.01358986

0,True,False,0.02,0.2,Rot1,0,0,0.00325697,0.01358986

0,True,False,0.02,0.2,Rot1,0,0,0.00325697,0.01358986

0,True,False,0.02,0.2,Rot1,0,0,0.00325697,0.01358986

0,True,False,0.02,0.2,Rot1,0,0,0.00325697,0.01358986

0,True,False,0.02,0.2,Rot1,0,0,0.00325697,0.01358986

0,True,False,0.02,0.2,Rot1,0,0,0.00325697,0.01358986

0,True,False,0.02,0.2,Rot1,0,0,0.00325697,0.01358986

0,True,False,0.02,0.2,Rot1,0,0,0.00325697,0.01358986

0,True,False,0.02,0.2,Rot1,0,0,0.00325697,0.01358986

0,True,False,0.02,0.2,Rot1,0,0,0.00325697,0.01358986

0,True,False,0.02,0.2,Rot1,0,0,0.00325697,0.01358986

0,True,False,0.02,0.2,Rot1,0,0,0.00325697,0.01358986

0,True,False,0.02,0.2,Rot1,0,0,0.00325697,0.01358986

0,True,False,0.02,0.2,Rot1,0,0,0.00325697,0.01358986

0,True,False,0.02,0.2,Rot1,0,0,0.00325697,0.01358986

0,True,False,0.02,0.2,Rot1,0,0,0.00325697,0.01358986

0,True,False,0.02,0.2,Rot1,0,0,0.00325697,0.01358986

0,True,False,0.02,0.2,Rot1,0,0,0.00325697,0.01358986

0,True,False,0.02,0.2,Rot1,0,0,0.00325697,0.01358986

0,True,False,0.02,0.2,Rot1,0,0,0.00325697,0.01358986

0,True,False,0.02,0.2,Rot1,0,0,0.00325697,0.01358986

0,True,False,0.02,0.2,Rot1,0,0,0.00325697,0.01358986

0,True,False,0.02,0.2,Rot1,0,0,0.00325697,0.01358986

0,True,False,0.02,0.2,Rot1,0,0,0.00325697,0.01358986

0,True,False,0.02,0.2,Rot1,0,0,0.00325697,0.01358986

0,True,False,0.02,0.2,Rot1,0,0,0.00325697,0.01358986

0,True,False,0.02,0.2,Rot1,0,0,0.00325697,0.01358986

0,True,False,0.02,0.2,Rot1,0,0,0.00325697,0.01358986

0,True,False,0.02,0.2,Rot1,0,0,0.00325697,0.01358986

0,True,False,0.02,0.2,Rot1,0,0,0.00325697,0.01358986

0,True,False,0.02,0.2,Rot1,0,0,0.00325697,0.01358986

0,True,False,0.02,0.2,Rot1,0,0,0.00325697,0.01358986

0,True,False,0.02,0.2,Rot1,0,0,0.00325697,0.01358986

0,True,False,0.02,0.2,Rot1,0,0,0.00325697,0.01358986

0,True,False,0.02,0.2,Rot1,0,0,0.00325697,0.01358986

0,True,False,0.02,0.2,Rot1,0,0,0.00325697,0.01358986

0,True,False,0.02,0.2,Rot1,0,0,0.00325697,0.01358986

0,True,False,0.02,0.2,Rot1,0,0,0.00325697,0.01358986

0,True,False,0.02,0.2,Rot1,0,0,0.00325697,0.01358986

0,True,False,0.02,0.2,Rot1,0,0,0.00325697,0.01358986

0,True,False,0.02,0.2,Rot1,0,0,0.00325697,0.01358986

0,True,False,0.02,0.2,Rot1,0,0,0.00325697,0.01358986

0,True,False,0.02,0.2,Rot1,0,0,0.00325697,0.01358986

0,True,False,0.02,0.2,Rot1,0,0,0.00325697,0.01358986

0,True,False,0.02,0.2,Rot1,0,0,0.00325697,0.01358986

0,True,False,0.02,0.2,Rot1,0,0,0.00325697,0.01358986

0,True,False,0.02,0.2,Rot1,0,0,0.00325697,0.01358986

0,True,False,0.02,0.2,Rot1,0,0,0.00325697,0.01358986

0,True,False,0.02,0.2,Rot1,0,0,0.00325697,0.01358986

0,True,False,0.02,0.2,Rot1,0,0,0.00325697,0.01358986

0,True,False,0.02,0.2,Rot1,0,0,0.00325697,0.01358986

0,True,False,0.02,0.2,Rot1,0,0,0.00325697,0.01358986

0,True,False,0.02,0.2,Rot1,0,0,0.00325697,0.01358986

0,True,False,0.02,0.2,Rot1,0,0,0.00325697,0.01358986

0,True,False,0.02,0.2,Rot1,0,0,0.00325697,0.01358986

0,True,False,0.02,0.2,Rot1,0,0,0.00325697,0.01358986

0,True,False,0.02,0.2,Rot1,0,0,0.00325697,0.01358986

0,True,False,0.02,0.2,Rot1,0,0,0.00325697,0.01358986

0,True,False,0.02,0.2,Rot1,0,0,0.00325697,0.01358986

0,True,False,0.02,0.2,Rot1,0,0,0.00325697,0.01358986

0,True,False,0.02,0.2,Rot1,0,0,0.00325697,0.01358986

0,True,False,0.02,0.2,Rot1,0,0,0.00325697,0.01358986

0,True,False,0.02,0.2,Rot1,0,0,0.00325697,0.01358986

0,True,False,0.02,0.2,Rot1,0,0,0.00325697,0.01358986

0,True,False,0.02,0.2,Rot1,0,0,0.00325697,0.01358986

0,True,False,0.02,0.2,Rot1,0,0,0.00325697,0.01358986

0,True,False,0.02,0.2,Rot1,0,0,0.00325697,0.01358986

0,True,False,0.02,0.2,Rot1,0,0,0.00325697,0.01358986

0,True,False,0.02,0.2,Rot1,0,0,0.00325697,0.01358986

0,True,False,0.02,0.2,Rot1,0,0,0.00325697,0.01358986

0,True,False,0.02,0.2,Rot1,0,0,0.00325697,0.01358986

0,True,False,0.02,0.2,Rot1,0,0,0.00325697,0.01358986

0,True,False,0.02,0.2,Rot1,0,0,0.00325697,0.01358986

0,True,False,0.02,0.2,Rot1,0,0,0.00325697,0.01358986

0,True,False,0.02,0.2,Rot1,0,0,0.00325697,0.01358986

0,True,False,0.02,0.2,Rot1,0,0,0.00325697,0.01358986

0,True,False,0.02,0.2,Rot1,0,0,0.00325697,0.01358986

0,True,False,0.02,0.2,Rot1,0,0,0.00325697,0.01358986

0,True,False,0.02,0.2,Rot1,0,0,0.00325697,0.01358986

0,True,False,0.02,0.2,Rot1,0,0,0.00325697,0.01358986

0,True,False,0.02,0.2,Rot1,0,0,0.00325697,0.01358986

0,True,False,0.02,0.2,Rot1,0,0,0.00325697,0.01358986

0,True,False,0.02,0.2,Rot1,0,0,0.00325697,0.01358986

0,True,False,0.02,0.2,Rot1,0,0,0.00325697,0.01358986

0,True,False,0.02,0.2,Rot1,0,0,0.00325697,0.01358986

0,True,False,0.02,0.2,Rot1,0,0,0.00325697,0.01358986

0,True,False,0.02,0.2,Rot1,0,0,0.00325697,0.01358986

0,True,False,0.02,0.2,Rot1,0,0,0.00325697,0.01358986

0,True,False,0.02,0.2,Rot1,0,0,0.00325697,0.01358986

0,True,False,0.02,0.2,Rot1,0,0,0.00325697,0.01358986

0,True,False,0.02,0.2,Rot1,0,0,0.00325697,0.01358986

0,True,False,0.02,0.2,Rot1,0,0,0.00325697,0.01358986

0,True,False,0.02,0.2,Rot1,0,0,0.00325697,0.01358986

0,True,False,0.02,0.2,Rot1,0,0,0.00325697,0.01358986

0,True,False,0.02,0.2,Rot1,0,0,0.00325697,0.01358986

0,True,False,0.02,0.2,Rot1,0,0,0.00325697,0.01358986

0,True,False,0.02,0.2,Rot1,0,0,0.00325697,0.01358986

0,True,False,0.02,0.2,Rot1,0,0,0.00325697,0.01358986

0,True,False,0.02,0.2,Rot1,0,0,0.00325697,0.01358986

0,True,False,0.02,0.2,Rot1,0,0,0.00325697,0.01358986

0,True,False,0.02,0.2,Rot1,0,0,0.00325697,0.01358986

0,True,False,0.02,0.2,Rot1,0,0,0.00325697,0.01358986

0,True,False,0.02,0.2,Rot1,0,0,0.00325697,0.01358986

0,True,False,0.02,0.2,Rot1,0,0,0.00325697,0.01358986

0,True,False,0.02,0.2,Rot1,0,0,0.00325697,0.01358986

0,True,False,0.02,0.2,Rot1,0,0,0.00325697,0.01358986

0,True,False,0.02,0.2,Rot1,0,0,0.00325697,0.01358986

0,True,False,0.02,0.2,Rot1,0,0,0.00325697,0.01358986

0,True,False,0.02,0.2,Rot1,0,0,0.00325697,0.01358986

0,True,False,0.02,0.2,Rot1,0,0,0.00325697,0.01358986

0,True,False,0.02,0.2,Rot1,0,0,0.00325697,0.01358986

0,True,False,0.02,0.2,Rot1,0,0,0.00325697,0.01358986

0,True,False,0.02,0.2,Rot1,0,0,0.00325697,0.01358986

0,True,False,0.02,0.2,Rot1,0,0,0.00325697,0.01358986

0,True,False,0.02,0.2,Rot1,0,0,0.00325697,0.01358986

0,True,False,0.02,0.2,Rot1,0,0,0.00325697,0.01358986

0,True,False,0.02,0.2,Rot1,0,0,0.00325697,0.01358986

0,True,False,0.02,0.2,Rot1,0,0,0.00325697,0.01358986

0,True,False,0.02,0.2,Rot1,0,0,0.00325697,0.01358986

0,True,False,0.02,0.2,Rot1,0,0,0.00325697,0.01358986

0,True,False,0.02,0.2,Rot1,0,0,0.00325697,0.01358986

0,True,False,0.02,0.2,Rot1,0,0,0.00325697,0.01358986

0,True,False,0.02,0.2,Rot1,0,0,0.00325697,0.01358986

0,True,False,0.02,0.2,Rot1,0,0,0.00325697,0.01358986

0,True,False,0.02,0.2,Rot1,0,0,0.00325697,0.01358986

0,True,False,0.02,0.2,Rot1,0,0,0.00325697,0.01358986

0,True,False,0.02,0.2,Rot1,0,0,0.00325697,0.01358986

0,True,False,0.02,0.2,Rot1,0,0,0.00325697,0.01358986

0,True,False,0.02,0.2,Rot1,0,0,0.00325697,0.01358986

0,True,False,0.02,0.2,Rot1,0,0,0.00325697,0.01358986

0,True,False,0.02,0.2,Rot1,0,0,0.00325697,0.01358986

0,True,False,0.02,0.2,Rot1,0,0,0.00325697,0.01358986

0,True,False,0.02,0.2,Rot1,0,0,0.00325697,0.01358986

0,True,False,0.02,0.2,Rot1,0,0,0.00325697,0.01358986

0,True,False,0.02,0.2,Rot1,0,0,0.00325697,0.01358986

0,True,False,0.02,0.2,Rot1,0,0,0.00325697,0.01358986

0,True,False,0.02,0.2,Rot1,0,0,0.00325697,0.01358986

0,True,False,0.02,0.2,Rot1,0,0,0.00325697,0.01358986

0,True,False,0.02,0.2,Rot1,0,0,0.00325697,0.01358986

0,True,False,0.02,0.2,Rot1,0,0,0.00325697,0.01358986

0,True,False,0.02,0.2,Rot1,0,0,0.00325697,0.01358986

0,True,False,0.02,0.2,Rot1,0,0,0.00325697,0.01358986

0,True,False,0.02,0.2,Rot1,0,0,0.00325697,0.01358986

0,True,False,0.02,0.2,Rot1,0,0,0.00325697,0.01358986

0,True,False,0.02,0.2,Rot1,0,0,0.00325697,0.01358986

0,True,False,0.02,0.2,Rot1,0,0,0.00325697,0.01358986

0,True,False,0.02,0.2,Rot1,0,0,0.00325697,0.01358986

0,True,False,0.02,0.2,Rot1,0,0,0.00325697,0.01358986

0,True,False,0.02,0.2,Rot1,0,0,0.00325697,0.01358986

0,True,False,0.02,0.2,Rot1,0,0,0.00325697,0.01358986

0,True,False,0.02,0.2,Rot1,0,0,0.00325697,0.01358986

0,True,False,0.02,0.2,Rot1,0,0,0.00325697,0.01358986

0,True,False,0.02,0.2,Rot1,0,0,0.00325697,0.01358986

0,True,False,0.02,0.2,Rot1,0,0,0.00325697,0.01358986

0,True,False,0.02,0.2,Rot1,0,0,0.00325697,0.01358986

0,True,False,0.02,0.2,Rot1,0,0,0.00325697,0.01358986

0,True,False,0.02,0.2,Rot1,0,0,0.00325697,0.01358986

0,True,False,0.02,0.2,Rot1,0,0,0.00325697,0.01358986

0,True,False,0.02,0.2,Rot1,0,0,0.00325697,0.01358986

0,True,False,0.02,0.2,Rot1,0,0,0.00325697,0.01358986

0,True,False,0.02,0.2,Rot1,0,0,0.00325697,0.01358986

0,True,False,0.02,0.2,Rot1,0,0,0.00325697,0.01358986

0,True,False,0.02,0.2,Rot1,0,0,0.00325697,0.01358986

0,True,False,0.02,0.2,Rot1,0,0,0.00325697,0.01358986

0,True,False,0.02,0.2,Rot1,0,0,0.00325697,0.01358986

0,True,False,0.02,0.2,Rot1,0,0,0.00325697,0.01358986

0,True,False,0.02,0.2,Rot1,0,0,0.00325697,0.01358986

0,True,False,0.02,0.2,Rot1,0,0,0.00325697,0.01358986

0,True,False,0.02,0.2,Rot1,0,0,0.00325697,0.01358986

0,True,False,0.02,0.2,Rot1,0,0,0.00325697,0.01358986

0,True,False,0.02,0.2,Rot1,0,0,0.00325697,0.01358986

0,True,False,0.02,0.2,Rot1,0,0,0.00325697,0.01358986

0,True,False,0.02,0.2,Rot1,0,0,0.00325697,0.01358986

0,True,False,0.02,0.2,Rot1,0,0,0.00325697,0.01358986

0,True,False,0.02,0.2,Rot1,0,0,0.00325697,0.01358986

0,True,False,0.02,0.2,Rot1,0,0,0.00325697,0.01358986

0,True,False,0.02,0.2,Rot1,0,0,0.00325697,0.01358986

0,True,False,0.02,0.2,Rot1,0,0,0.00325697,0.01358986

0,True,False,0.02,0.2,Rot1,0,0,0.00325697,0.01358986

0,True,False,0.02,0.2,Rot1,0,0,0.00325697,0.01358986

0,True,False,0.02,0.2,Rot1,0,0,0.00325697,0.01358986

0,True,False,0.02,0.2,Rot1,0,0,0.00325697,0.01358986

0,True,False,0.02,0.2,Rot1,0,0,0.00325697,0.01358986

0,True,False,0.02,0.2,Rot1,0,0,0.00325697,0.01358986

0,True,False,0.02,0.2,Rot1,0,0,0.00325697,0.01358986

0,True,False,0.02,0.2,Rot1,0,0,0.00325697,0.01358986

0,True,False,0.02,0.2,Rot1,0,0,0.00325697,0.01358986

0,True,False,0.02,0.2,Rot1,0,0,0.00325697,0.01358986

0,True,False,0.02,0.2,Rot1,0,0,0.00325697,0.01358986

0,True,False,0.02,0.2,Rot1,0,0,0.00325697,0.01358986

0,True,False,0.02,0.2,Rot1,0,0,0.00325697,0.01358986

0,True,False,0.02,0.2,Rot1,0,0,0.00325697,0.01358986

0,True,False,0.02,0.2,Rot1,0,0,0.00325697,0.01358986

0,True,False,0.02,0.2,Rot1,0,0,0.00325697,0.01358986

0,True,False,0.02,0.2,Rot1,0,0,0.00325697,0.01358986

0,True,False,0.02,0.2,Rot1,0,0,0.00325697,0.01358986

0,True,False,0.02,0.2,Rot1,0,0,0.00325697,0.01358986

0,True,False,0.02,0.2,Rot1,0,0,0.00325697,0.01358986

0,True,False,0.02,0.2,Rot1,0,0,0.00325697,0.01358986

0,True,False,0.02,0.2,Rot1,0,0,0.00325697,0.01358986

0,True,False,0.02,0.2,Rot1,0,0,0.00325697,0.01358986

0,True,False,0.02,0.2,Rot1,0,0,0.00325697,0.01358986

0,True,False,0.02,0.2,Rot1,0,0,0.00325697,0.01358986

0,True,False,0.02,0.2,Rot1,0,0,0.00325697,0.01358986

0,True,False,0.02,0.2,Rot1,0,0,0.00325697,0.01358986

0,True,False,0.02,0.2,Rot1,0,0,0.00325697,0.01358986

0,True,False,0.02,0.2,Rot1,0,0,0.00325697,0.01358986

0,True,False,0.02,0.2,Rot1,0,0,0.00325697,0.01358986

0,True,False,0.02,0.2,Rot1,0,0,0.00325697,0.01358986

0,True,False,0.02,0.2,Rot1,0,0,0.00325697,0.01358986

0,True,False,0.02,0.2,Rot1,0,0,0.00325697,0.01358986

0,True,False,0.02,0.2,Rot1,0,0,0.00325697,0.01358986

0,True,False,0.02,0.2,Rot1,0,0,0.00325697,0.01358986

0,True,False,0.02,0.2,Rot1,0,0,0.00325697,0.01358986

0,True,False,0.02,0.2,Rot1,0,0,0.00325697,0.01358986

0,True,False,0.02,0.2,Rot1,0,0,0.00325697,0.01358986

0,True,False,0.02,0.2,Rot1,0,0,0.00325697,0.01358986

0,True,False,0.02,0.2,Rot1,0,0,0.00325697,0.01358986

0,True,False,0.02,0.2,Rot1,0,0,0.00325697,0.01358986

0,True,False,0.02,0.2,Rot1,0,0,0.00325697,0.01358986

0,True,False,0.02,0.2,Rot1,0,0,0.00325697,0.01358986

0,True,False,0.02,0.2,Rot1,0,0,0.00325697,0.01358986

0,True,False,0.02,0.2,Rot1,0,0,0.00325697,0.01358986

0,True,False,0.02,0.2,Rot1,0,0,0.00325697,0.01358986

0,True,False,0.02,0.2,Rot1,0,0,0.00325697,0.01358986

0,True,False,0.02,0.2,Rot1,0,0,0.00325697,0.01358986

0,True,False,0.02,0.2,Rot1,0,0,0.00325697,0.01358986

0,True,False,0.02,0.2,Rot1,0,0,0.00325697,0.01358986

0,True,False,0.02,0.2,Rot1,0,0,0.00325697,0.01358986

0,True,False,0.02,0.2,Rot1,0,0,0.00325697,0.01358986

0,True,False,0.02,0.2,Rot1,0,0,0.00325697,0.01358986

0,True,False,0.02,0.2,Rot1,0,0,0.00325697,0.01358986

0,True,False,0.02,0.2,Rot1,0,0,0.00325697,0.01358986

0,True,False,0.02,0.2,Rot1,0,0,0.00325697,0.01358986

0,True,False,0.02,0.2,Rot1,0,0,0.00325697,0.01358986

0,True,False,0.02,0.2,Rot1,0,0,0.00325697,0.01358986

0,True,False,0.02,0.2,Rot1,0,0,0.00325697,0.01358986

0,True,False,0.02,0.2,Rot1,0,0,0.00325697,0.01358986

0,True,False,0.02,0.2,Rot1,0,0,0.00325697,0.01358986

0,True,False,0.02,0.2,Rot1,0,0,0.00325697,0.01358986

0,True,False,0.02,0.2,Rot1,0,0,0.00325697,0.01358986

0,True,False,0.02,0.2,Rot1,0,0,0.00325697,0.01358986

0,True,False,0.02,0.2,Rot1,0,0,0.00325697,0.01358986

0,True,False,0.02,0.2,Rot1,0,0,0.00325697,0.01358986

0,True,False,0.02,0.2,Rot1,0,0,0.00325697,0.01358986

0,True,False,0.02,0.2,Rot1,0,0,0.00325697,0.01358986

0,True,False,0.02,0.2,Rot1,0,0,0.00325697,0.01358986

0,True,False,0.02,0.2,Rot1,0,0,0.00325697,0.01358986

0,True,False,0.02,0.2,Rot1,0,0,0.00325697,0.01358986

0,True,False,0.02,0.2,Rot1,0,0,0.00325697,0.01358986

0,True,False,0.02,0.2,Rot1,0,0,0.00325697,0.01358986

0,True,False,0.02,0.2,Rot1,0,0,0.00325697,0.01358986

0,True,False,0.02,0.2,Rot1,0,0,0.00325697,0.01358986

0,True,False,0.02,0.2,Rot1,0,0,0.00325697,0.01358986

0,True,False,0.02,0.2,Rot1,0,0,0.00325697,0.01358986

0,True,False,0.02,0.2,Rot1,0,0,0.00325697,0.01358986

0,True,False,0.02,0.2,Rot1,0,0,0.00325697,0.01358986

0,True,False,0.02,0.2,Rot1,0,0,0.00325697,0.01358986

0,True,False,0.02,0.2,Rot1,0,0,0.00325697,0.01358986

0,True,False,0.02,0.2,Rot1,0,0,0.00325697,0.01358986

0,True,False,0.02,0.2,Rot1,0,0,0.00325697,0.01358986

0,True,False,0.02,0.2,Rot1,0,0,0.00325697,0.01358986

0,True,False,0.02,0.2,Rot1,0,0,0.00325697,0.01358986

0,True,False,0.02,0.2,Rot1,0,0,0.00325697,0.01358986

0,True,False,0.02,0.2,Rot1,0,0,0.00325697,0.01358986

0,True,False,0.02,0.2,Rot1,0,0,0.00325697,0.01358986

0,True,False,0.02,0.2,Rot1,0,0,0.00325697,0.01358986

0,True,False,0.02,0.2,Rot1,0,0,0.00325697,0.01358986

0,True,False,0.02,0.2,Rot1,0,0,0.00325697,0.01358986

0,True,False,0.02,0.2,Rot1,0,0,0.00325697,0.01358986

0,True,False,0.02,0.2,Rot1,0,0,0.00325697,0.01358986

0,True,False,0.02,0.2,Rot1,0,0,0.00325697,0.01358986

0,True,False,0.02,0.2,Rot1,0,0,0.00325697,0.01358986

0,True,False,0.02,0.2,Rot1,0,0,0.00325697,0.01358986

0,True,False,0.02,0.2,Rot1,0,0,0.00325697,0.01358986

0,True,False,0.02,0.2,Rot1,0,0,0.00325697,0.01358986

0,True,False,0.02,0.2,Rot1,0,0,0.00325697,0.01358986

0,True,False,0.02,0.2,Rot1,0,0,0.00325697,0.01358986

0,True,False,0.02,0.2,Rot1,0,0,0.00325697,0.01358986

0,True,False,0.02,0.2,Rot1,0,0,0.00325697,0.01358986

0,True,False,0.02,0.2,Rot1,0,0,0.00325697,0.01358986

0,True,False,0.02,0.2,Rot1,0,0,0.00325697,0.01358986

0,True,False,0.02,0.2,Rot1,0,0,0.00325697,0.01358986

0,True,False,0.02,0.2,Rot1,0,0,0.00325697,0.01358986

0,True,False,0.02,0.2,Rot1,0,0,0.00325697,0.01358986

0,True,False,0.02,0.2,Rot1,0,0,0.00325697,0.01358986

0,True,False,0.02,0.2,Rot1,0,0,0.00325697,0.01358986

0,True,False,0.02,0.2,Rot1,0,0,0.00325697,0.01358986

0,True,False,0.02,0.2,Rot1,0,0,0.00325697,0.01358986

0,True,False,0.02,0.2,Rot1,0,0,0.00325697,0.01358986

0,True,False,0.02,0.2,Rot1,0,0,0.00325697,0.01358986

0,True,False,0.02,0.2,Rot1,0,0,0.00325697,0.01358986

0,True,False,0.02,0.2,Rot1,0,0,0.00325697,0.01358986

0,True,False,0.02,0.2,Rot1,0,0,0.00325697,0.01358986

0,True,False,0.02,0.2,Rot1,0,0,0.00325697,0.01358986

0,True,False,0.02,0.2,Rot1,0,0,0.003256942,0.01358986

0,True,False,0.02,0.2,Rot1,0,0,0.003262932,0.01352489

0,True,False,0.02,0.2,Rot1,0,0,0.003376508,0.01281238

0,True,False,0.02,0.2,Rot1,0,0,0.003636266,0.01141513

0,True,False,0.02,0.2,Rot1,0,0,0.004052248,0.009168508

0,True,False,0.02,0.2,Rot1,0,0,0.005038229,0.0062871

0,True,False,0.02,0.2,Rot1,0,0,0.006384074,0.003191593

0,True,False,0.02,0.2,Rot1,0,0,0.007153183,0.001687411

0,True,False,0.02,0.2,Rot1,0,0,0.007623256,0.0009620229

0,True,False,0.02,0.2,Rot1,0,0,0.007984848,0.0003056571

0,True,False,0.02,0.2,Rot1,0,0,0.00837344,-0.0002001478

0,True,False,0.02,0.2,Rot1,0,0,0.0088982,-0.0005450194

0,True,False,0.02,0.2,Rot1,0,0,0.009460839,-0.0008938257

0,True,False,0.02,0.2,Rot1,0,0,0.01001221,-0.001235479

0,True,False,0.02,0.2,Rot1,0,0,0.01049328,-0.001451963

0,True,False,0.02,0.2,Rot1,0,0,0.01092974,-0.001648419

0,True,False,0.02,0.2,Rot1,0,0,0.01127434,-0.001850598

0,True,False,0.02,0.2,Rot1,0,0,0.0115991,-0.002041332

0,True,False,0.02,0.2,Rot1,0,0,0.01188186,-0.002188556

0,True,False,0.02,0.2,Rot1,0,0,0.01236773,-0.002447836

0,True,False,0.02,0.2,Rot1,0,0,0.01285023,-0.002685539

0,True,False,0.02,0.2,Rot1,0,0,0.0133645,-0.002937308

0,True,False,0.02,0.2,Rot1,0,0,0.01384148,-0.003256551

0,True,False,0.02,0.2,Rot1,0,0,0.01447845,-0.003697267

0,True,False,0.02,0.2,Rot1,0,0,0.01500002,-0.003822794

0,True,False,0.02,0.2,Rot1,0,0,0.01500002,-0.00392591

0,True,False,0.02,0.2,Rot1,0,0,0.01500002,-0.003974548

0,True,False,0.02,0.2,Rot1,0,0,0.01500002,-0.004007926

0,True,False,0.02,0.2,Rot1,0,0,0.01500002,-0.004004588

0,True,False,0.02,0.2,Rot1,0,0,0.01500002,-0.003997674

0,True,False,0.02,0.2,Rot1,0,0,0.01500002,-0.003967992

0,True,False,0.02,0.2,Rot1,0,0,0.01500002,-0.003833761

0,True,False,0.02,0.2,Rot1,0,0,0.01500002,-0.003531685

0,True,False,0.02,0.2,Rot1,0,0,0.01500002,-0.003459206

0,True,False,0.02,0.2,Rot1,0,0,0.01500002,-0.003382555

0,True,False,0.02,0.2,Rot1,0,0,0.01500002,-0.003296962

0,True,False,0.02,0.2,Rot1,0,0,0.01500002,-0.003206601

0,True,False,0.02,0.2,Rot1,0,0,0.01500002,-0.003105392

0,True,False,0.02,0.2,Rot1,0,0,0.01500002,-0.002889863

0,True,False,0.02,0.2,Rot1,0,0,0.01500002,-0.002744546

0,True,False,0.02,0.2,Rot1,0,0,0.01500002,-0.002593389

0,True,False,0.02,0.2,Rot1,0,0,0.01500002,-0.002425303

0,True,False,0.02,0.2,Rot1,0,0,0.01500002,-0.002071372

0,True,False,0.02,0.2,Rot1,0,0,0.01500002,-0.001874676

0,True,False,0.02,0.2,Rot1,0,0,0.01500002,-0.001671663

0,True,False,0.02,0.2,Rot1,0,0,0.01500002,-0.001471152

0,True,False,0.02,0.2,Rot1,0,0,0.01500002,-0.001258245

0,True,False,0.02,0.2,Rot1,0,0,0.01500002,-0.0009853747

0,True,False,0.02,0.2,Rot1,0,0,0.01500002,-0.0008252768

0,True,False,0.02,0.2,Rot1,0,0,0.01500002,-0.0006474162

0,True,False,0.02,0.2,Rot1,0,0,0.01500002,-0.0004734901

0,True,False,0.02,0.2,Rot1,0,0,0.01500002,-0.0003155374

0,True,False,0.02,0.2,Rot1,0,0,0.01500002,-0.000158539

0,True,False,0.02,0.2,Rot1,0,0,0.01500002,6.474042E-05

0,True,False,0.02,0.2,Rot1,0,0,0.01500002,0.0001719087

0,True,False,0.02,0.2,Rot1,0,0,0.01500002,0.0002404545

0,True,False,0.02,0.2,Rot1,0,0,0.01500002,0.0003033967

0,True,False,0.02,0.2,Rot1,0,0,0.01500002,0.0003017282

0,True,False,0.02,0.2,Rot1,0,0,0.01500002,0.0002907606

0,True,False,0.02,0.2,Rot1,0,0,0.01500002,0.0002709723

0,True,False,0.02,0.2,Rot1,0,0,0.01500002,0.000272641

0,True,False,0.02,0.2,Rot1,0,0,0.01500002,0.000270138

0,True,False,0.02,0.2,Rot1,0,0,0.01500002,0.0002642959

0,True,False,0.02,0.2,Rot1,0,0,0.01500002,0.0003492926

0,True,False,0.02,0.2,Rot1,0,0,0.01500002,0.0004361959

0,True,False,0.02,0.2,Rot1,0,0,0.01500002,0.0004726744

0,True,False,0.02,0.2,Rot1,0,0,0.01500002,0.0005093905

0,True,False,0.02,0.2,Rot1,0,0,0.01500002,0.000589738

0,True,False,0.02,0.2,Rot1,0,0,0.01500002,0.000589738

0,True,False,0.02,0.2,Rot1,0,0,0.01500002,0.000589738

0,True,False,0.02,0.2,Rot1,0,0,0.01500002,0.000589738

0,True,False,0.02,0.2,Rot1,0,0,0.01500002,0.000589738

0,True,False,0.02,0.2,Rot1,0,0,0.01500002,0.000589738

0,True,False,0.02,0.2,Rot1,0,0,0.01500002,0.000589738

0,True,False,0.02,0.2,Rot1,0,0,0.01500002,0.000589738

0,True,False,0.02,0.2,Rot1,0,0,0.01500002,0.000589738

0,True,False,0.02,0.2,Rot1,0,0,0.01500002,0.000589738

0,True,False,0.02,0.2,Rot1,0,0,0.01500002,0.000589738

0,True,False,0.02,0.2,Rot1,0,0,0.01500002,0.000589738

0,True,False,0.02,0.2,Rot1,0,0,0.01500002,0.000589738

0,True,False,0.02,0.2,Rot1,0,0,0.01500002,0.000589738

0,True,False,0.02,0.2,Rot1,0,0,0.01500002,0.000589738

0,True,False,0.02,0.2,Rot1,0,0,0.01500002,0.000589738

0,True,False,0.02,0.2,Rot1,0,0,0.01500002,0.000589738

0,True,False,0.02,0.2,Rot1,0,0,0.01500002,0.000589738

0,True,False,0.02,0.2,Rot1,0,0,0.01500002,0.000589738

0,True,False,0.02,0.2,Rot1,0,0,0.01500002,0.000589738

0,True,False,0.02,0.2,Rot1,0,0,0.01500002,0.000589738

0,True,False,0.02,0.2,Rot1,0,0,0.01500002,0.000589738

0,True,False,0.02,0.2,Rot1,0,0,0.01500002,0.000589738

0,True,False,0.02,0.2,Rot1,0,0,0.01500002,0.000589738

0,True,False,0.02,0.2,Rot1,0,0,0.01500002,0.000589738

0,True,False,0.02,0.2,Rot1,0,0,0.01500002,0.000589738

0,True,False,0.02,0.2,Rot1,0,0,0.01500002,0.000589738

0,True,False,0.02,0.2,Rot1,0,0,0.01500002,0.000589738

0,True,False,0.02,0.2,Rot1,0,0,0.01500002,0.000589738

0,True,False,0.02,0.2,Rot1,0,0,0.01500002,0.000589738

0,True,False,0.02,0.2,Rot1,0,0,0.01500002,0.000589738

0,True,False,0.02,0.2,Rot1,0,0,0.01500002,0.000589738

0,True,False,0.02,0.2,Rot1,0,0,0.01500002,0.000589738

0,True,False,0.02,0.2,Rot1,0,0,0.01500002,0.000589738

0,True,False,0.02,0.2,Rot1,0,0,0.01500002,0.000589738

0,True,False,0.02,0.2,Rot1,0,0,0.01500002,0.000589738

0,True,False,0.02,0.2,Rot1,0,0,0.01500002,0.000589738

0,True,False,0.02,0.2,Rot1,0,0,0.01500002,0.000589738

0,True,False,0.02,0.2,Rot1,0,0,0.01500002,0.000589738

0,True,False,0.02,0.2,Rot1,0,0,0.01500002,0.000589738

0,True,False,0.02,0.2,Rot1,0,0,0.01500002,0.000589738

0,True,False,0.02,0.2,Rot1,0,0,0.01500002,0.000589738

0,True,False,0.02,0.2,Rot1,0,0,0.01500002,0.000589738

0,True,False,0.02,0.2,Rot1,0,0,0.01500002,0.000589738

0,True,False,0.02,0.2,Rot1,0,0,0.01500002,0.000589738

0,True,False,0.02,0.2,Rot1,0,0,0.01500002,0.000589738

0,True,False,0.02,0.2,Rot1,0,0,0.01500002,0.000589738

0,True,False,0.02,0.2,Rot1,0,0,0.01500002,0.000589738

0,True,False,0.02,0.2,Rot1,0,0,0.01500002,0.000589738

0,True,False,0.02,0.2,Rot1,0,0,0.01500002,0.000589738

0,True,False,0.02,0.2,Rot1,0,0,0.01500002,0.000589738

0,True,False,0.02,0.2,Rot1,0,0,0.01500002,0.000589738

0,True,False,0.02,0.2,Rot1,0,0,0.01500002,0.000589738

0,True,False,0.02,0.2,Rot1,0,0,0.01500002,0.000589738

0,True,False,0.02,0.2,Rot1,0,0,0.01500002,0.000589738

0,True,False,0.02,0.2,Rot1,0,0,0.01500002,0.000589738

0,True,False,0.02,0.2,Rot1,0,0,0.01500002,0.000589738

0,True,False,0.02,0.2,Rot1,0,0,0.01500002,0.000589738

0,True,False,0.02,0.2,Rot1,0,0,0.01500002,0.000589738

0,True,False,0.02,0.2,Rot1,0,0,0.01500002,0.000589738

0,True,False,0.02,0.2,Rot1,0,0,0.01500002,0.000589738

0,True,False,0.02,0.2,Rot1,0,0,0.01500002,0.000589738

0,True,False,0.02,0.2,Rot1,0,0,0.01500002,0.000589738

0,True,False,0.02,0.2,Rot1,0,0,0.01500002,0.000589738

0,True,False,0.02,0.2,Rot1,0,0,0.01500002,0.000589738

0,True,False,0.02,0.2,Rot1,0,0,0.01500002,0.000589738

0,True,False,0.02,0.2,Rot1,0,0,0.01500002,0.000589738

0,True,False,0.02,0.2,Rot1,0,0,0.01500002,0.000589738

0,True,False,0.02,0.2,Rot1,0,0,0.01500002,0.000589738

0,True,False,0.02,0.2,Rot1,0,0,0.01500002,0.000589738

0,True,False,0.02,0.2,Rot1,0,0,0.01500002,0.000589738

0,True,False,0.02,0.2,Rot1,0,0,0.01500002,0.000589738

0,True,False,0.02,0.2,Rot1,0,0,0.01500002,0.000589738

0,True,False,0.02,0.2,Rot1,0,0,0.01500002,0.000589738

0,True,False,0.02,0.2,Rot1,0,0,0.01500002,0.000589738

0,True,False,0.02,0.2,Rot1,0,0,0.01500002,0.000589738

0,True,False,0.02,0.2,Rot1,0,0,0.01500002,0.000589738

0,True,False,0.02,0.2,Rot1,0,0,0.01500002,0.000589738

0,True,False,0.02,0.2,Rot1,0,0,0.01500002,0.000589738

0,True,False,0.02,0.2,Rot1,0,0,0.01500002,0.000589738

0,True,False,0.02,0.2,Rot1,0,0,0.01500002,0.000589738

0,True,False,0.02,0.2,Rot1,0,0,0.01500002,0.000589738

0,True,False,0.02,0.2,Rot1,0,0,0.01500002,0.000589738

0,True,False,0.02,0.2,Rot1,0,0,0.01500002,0.000589738

0,True,False,0.02,0.2,Rot1,0,0,0.01500002,0.000589738

0,True,False,0.02,0.2,Rot1,0,0,0.01500002,0.000589738

0,True,False,0.02,0.2,Rot1,0,0,0.01500002,0.000589738

0,True,False,0.02,0.2,Rot1,0,0,0.01500002,0.000589738

0,True,False,0.02,0.2,Rot1,0,0,0.01500002,0.000589738

0,True,False,0.02,0.2,Rot1,0,0,0.01500002,0.000589738

0,True,False,0.02,0.2,Rot1,0,0,0.01500002,0.000589738

0,True,False,0.02,0.2,Rot1,0,0,0.01500002,0.000589738

0,True,False,0.02,0.2,Rot1,0,0,0.01500002,0.000589738

0,True,False,0.02,0.2,Rot1,0,0,0.01500002,0.000589738

0,True,False,0.02,0.2,Rot1,0,0,0.01500002,0.000589738

0,True,False,0.02,0.2,Rot1,0,0,0.01500002,0.000589738

0,True,False,0.02,0.2,Rot1,0,0,0.01500002,0.000589738

0,True,False,0.02,0.2,Rot1,0,0,0.01500002,0.000589738

0,True,False,0.02,0.2,Rot1,0,0,0.01500002,0.000589738

0,True,False,0.02,0.2,Rot1,0,0,0.01500002,0.000589738

0,True,False,0.02,0.2,Rot1,0,0,0.01500002,0.000589738

0,True,False,0.02,0.2,Rot1,0,0,0.01500002,0.000589738

0,True,False,0.02,0.2,Rot1,0,0,0.01500002,0.000589738

0,True,False,0.02,0.2,Rot1,0,0,0.01500002,0.000589738

0,True,False,0.02,0.2,Rot1,0,0,0.01500002,0.000589738

0,True,False,0.02,0.2,Rot1,0,0,0.01500002,0.000589738

0,True,False,0.02,0.2,Rot1,0,0,0.01500002,0.000589738

0,True,False,0.02,0.2,Rot1,0,0,0.01500002,0.000589738

0,True,False,0.02,0.2,Rot1,0,0,0.01500002,0.000589738

0,True,False,0.02,0.2,Rot1,0,0,0.01500002,0.000589738

0,True,False,0.02,0.2,Rot1,0,0,0.01500002,0.000589738

0,True,False,0.02,0.2,Rot1,0,0,0.01500002,0.000589738

0,True,False,0.02,0.2,Rot1,0,0,0.01500002,0.000589738

0,True,False,0.02,0.2,Rot1,0,0,0.01500002,0.000589738

0,True,False,0.02,0.2,Rot1,0,0,0.01500002,0.000589738

0,True,False,0.02,0.2,Rot1,0,0,0.01500002,0.000589738

0,True,False,0.02,0.2,Rot1,0,0,0.01500002,0.000589738

0,True,False,0.02,0.2,Rot1,0,0,0.01500002,0.000589738

0,True,False,0.02,0.2,Rot1,0,0,0.01500002,0.000589738

0,True,False,0.02,0.2,Rot1,0,0,0.01500002,0.000589738

0,True,False,0.02,0.2,Rot1,0,0,0.01500002,0.000589738

0,True,False,0.02,0.2,Rot1,0,0,0.01500002,0.000589738

0,True,False,0.02,0.2,Rot1,0,0,0.01500002,0.000589738

0,True,False,0.02,0.2,Rot1,0,0,0.01500002,0.000589738

0,True,False,0.02,0.2,Rot1,0,0,0.01500002,0.000589738

0,True,False,0.02,0.2,Rot1,0,0,0.01500002,0.000589738

0,True,False,0.02,0.2,Rot1,0,0,0.01500002,0.000589738

0,True,False,0.02,0.2,Rot1,0,0,0.01500002,0.000589738

0,True,False,0.02,0.2,Rot1,0,0,0.01500002,0.000589738

0,True,False,0.02,0.2,Rot1,0,0,0.01500002,0.000589738

0,True,False,0.02,0.2,Rot1,0,0,0.01500002,0.000589738

0,True,False,0.02,0.2,Rot1,0,0,0.01500002,0.000589738

0,True,False,0.02,0.2,Rot1,0,0,0.01500002,0.000589738

0,True,False,0.02,0.2,Rot1,0,0,0.01500002,0.000589738

0,True,False,0.02,0.2,Rot1,0,0,0.01500002,0.000589738

0,True,False,0.02,0.2,Rot1,0,0,0.01500002,0.000589738

0,True,False,0.02,0.2,Rot1,0,0,0.01500002,0.000589738

0,True,False,0.02,0.2,Rot1,0,0,0.01500002,0.000589738

0,True,False,0.02,0.2,Rot1,0,0,0.01500002,0.000589738

0,True,False,0.02,0.2,Rot1,0,0,0.01500002,0.000589738

0,True,False,0.02,0.2,Rot1,0,0,0.01500002,0.000589738

0,True,False,0.02,0.2,Rot1,0,0,0.01500002,0.000589738

0,True,False,0.02,0.2,Rot1,0,0,0.01500002,0.000589738

0,True,False,0.02,0.2,Rot1,0,0,0.01500002,0.000589738

0,True,False,0.02,0.2,Rot1,0,0,0.01500002,0.000589738

0,True,False,0.02,0.2,Rot1,0,0,0.01500002,0.000589738

0,True,False,0.02,0.2,Rot1,0,0,0.01500002,0.000589738

0,True,False,0.02,0.2,Rot1,0,0,0.01500002,0.000589738

0,True,False,0.02,0.2,Rot1,0,0,0.01500002,0.000589738

0,True,False,0.02,0.2,Rot1,0,0,0.01500002,0.000589738

0,True,False,0.02,0.2,Rot1,0,0,0.01500002,0.000589738

0,True,False,0.02,0.2,Rot1,0,0,0.01500002,0.000589738

0,True,False,0.02,0.2,Rot1,0,0,0.01500002,0.000589738

0,True,False,0.02,0.2,Rot1,0,0,0.01500002,0.000589738

0,True,False,0.02,0.2,Rot1,0,0,0.01500002,0.000589738

0,True,False,0.02,0.2,Rot1,0,0,0.01500002,0.000589738

0,True,False,0.02,0.2,Rot1,0,0,0.01500002,0.000589738

0,True,False,0.02,0.2,Rot1,0,0,0.01500002,0.000589738

0,True,False,0.02,0.2,Rot1,0,0,0.01500002,0.000589738

0,True,False,0.02,0.2,Rot1,0,0,0.01500002,0.000589738

0,True,False,0.02,0.2,Rot1,0,0,0.01500002,0.000589738

0,True,False,0.02,0.2,Rot1,0,0,0.01500002,0.000589738

0,True,False,0.02,0.2,Rot1,0,0,0.01500002,0.000589738

0,True,False,0.02,0.2,Rot1,0,0,0.01500002,0.000589738

0,True,False,0.02,0.2,Rot1,0,0,0.01500002,0.000589738

0,True,False,0.02,0.2,Rot1,0,0,0.01500002,0.000589738

0,True,False,0.02,0.2,Rot1,0,0,0.01500002,0.000589738

0,True,False,0.02,0.2,Rot1,0,0,0.01500002,0.000589738

0,True,False,0.02,0.2,Rot1,0,0,0.01500002,0.000589738

0,True,False,0.02,0.2,Rot1,0,0,0.01500002,0.000589738

0,True,False,0.02,0.2,Rot1,0,0,0.01500002,0.000589738

0,True,False,0.02,0.2,Rot1,0,0,0.01500002,0.000589738

0,True,False,0.02,0.2,Rot1,0,0,0.01500002,0.000589738

0,True,False,0.02,0.2,Rot1,0,0,0.01500002,0.000589738

0,True,False,0.02,0.2,Rot1,0,0,0.01500002,0.000589738

0,True,False,0.02,0.2,Rot1,0,0,0.01500002,0.000589738

0,True,False,0.02,0.2,Rot1,0,0,0.01500002,0.000589738

0,True,False,0.02,0.2,Rot1,0,0,0.01500002,0.000589738

0,True,False,0.02,0.2,Rot1,0,0,0.01500002,0.000589738

0,True,False,0.02,0.2,Rot1,0,0,0.01500002,0.000589738

0,True,False,0.02,0.2,Rot1,0,0,0.01500002,0.000589738

0,True,False,0.02,0.2,Rot1,0,0,0.01500002,0.000589738

0,True,False,0.02,0.2,Rot1,0,0,0.01500002,0.000589738

0,True,False,0.02,0.2,Rot1,0,0,0.01500002,0.000589738

0,True,False,0.02,0.2,Rot1,0,0,0.01500002,0.000589738

0,True,False,0.02,0.2,Rot1,0,0,0.01500002,0.000589738

0,True,False,0.02,0.2,Rot1,0,0,0.01500002,0.000589738

0,True,False,0.02,0.2,Rot1,0,0,0.01500002,0.000589738

0,True,False,0.02,0.2,Rot1,0,0,0.01500002,0.000589738

0,True,False,0.02,0.2,Rot1,0,0,0.01500002,0.000589738

0,True,False,0.02,0.2,Rot1,0,0,0.01500002,0.000589738

0,True,False,0.02,0.2,Rot1,0,0,0.01500002,0.000589738

0,True,False,0.02,0.2,Rot1,0,0,0.01500002,0.000589738

0,True,False,0.02,0.2,Rot1,0,0,0.01500002,0.000589738

0,True,False,0.02,0.2,Rot1,0,0,0.01500002,0.000589738

0,True,False,0.02,0.2,Rot1,0,0,0.01500002,0.000589738

0,True,False,0.02,0.2,Rot1,0,0,0.01500002,0.000589738

0,True,False,0.02,0.2,Rot1,0,0,0.01500002,0.000589738

0,True,False,0.02,0.2,Rot1,0,0,0.01500002,0.000589738

0,True,False,0.02,0.2,Rot1,0,0,0.01500002,0.000589738

0,True,False,0.02,0.2,Rot1,0,0,0.01500002,0.000589738

0,True,False,0.02,0.2,Rot1,0,0,0.01500002,0.000589738

0,True,False,0.02,0.2,Rot1,0,0,0.01500002,0.000589738

0,True,False,0.02,0.2,Rot1,0,0,0.01500002,0.000589738

0,True,False,0.02,0.2,Rot1,0,0,0.01500002,0.000589738

0,True,False,0.02,0.2,Rot1,0,0,0.01500002,0.000589738

0,True,False,0.02,0.2,Rot1,0,0,0.01500002,0.000589738

0,True,False,0.02,0.2,Rot1,0,0,0.01500002,0.000589738

0,True,False,0.02,0.2,Rot1,0,0,0.01500002,0.000589738

0,True,False,0.02,0.2,Rot1,0,0,0.01500002,0.000589738

0,True,False,0.02,0.2,Rot1,0,0,0.01500002,0.000589738

0,True,False,0.02,0.2,Rot1,0,0,0.01500002,0.000589738

0,True,False,0.02,0.2,Rot1,0,0,0.01500002,0.000589738

0,True,False,0.02,0.2,Rot1,0,0,0.01500002,0.000589738

0,True,False,0.02,0.2,Rot1,0,0,0.01500002,0.000589738

0,True,False,0.02,0.2,Rot1,0,0,0.01500002,0.000589738

0,True,False,0.02,0.2,Rot1,0,0,0.01500002,0.000589738

0,True,False,0.02,0.2,Rot1,0,0,0.01500002,0.000589738

0,True,False,0.02,0.2,Rot1,0,0,0.01500002,0.000589738

0,True,False,0.02,0.2,Rot1,0,0,0.01500002,0.000589738

0,True,False,0.02,0.2,Rot1,0,0,0.01500002,0.000589738

0,True,False,0.02,0.2,Rot1,0,0,0.01500002,0.000589738

0,True,False,0.02,0.2,Rot1,0,0,0.01500002,0.000589738

0,True,False,0.02,0.2,Rot1,0,0,0.01500002,0.000589738

0,True,False,0.02,0.2,Rot1,0,0,0.01500002,0.000589738

0,True,False,0.02,0.2,Rot1,0,0,0.01500002,0.000589738

0,True,False,0.02,0.2,Rot1,0,0,0.01500002,0.000589738

0,True,False,0.02,0.2,Rot1,0,0,0.01500002,0.000589738

0,True,False,0.02,0.2,Rot1,0,0,0.01500002,0.000589738

0,True,False,0.02,0.2,Rot1,0,0,0.01500002,0.000589738

0,True,False,0.02,0.2,Rot1,0,0,0.01500002,0.000589738

0,True,False,0.02,0.2,Rot1,0,0,0.01500002,0.000589738

0,True,False,0.02,0.2,Rot1,0,0,0.01500002,0.000589738

0,True,False,0.02,0.2,Rot1,0,0,0.01500002,0.000589738

0,True,False,0.02,0.2,Rot1,0,0,0.01500002,0.000589738

0,True,False,0.02,0.2,Rot1,0,0,0.01500002,0.000589738

0,True,False,0.02,0.2,Rot1,0,0,0.01500002,0.000589738

0,True,False,0.02,0.2,Rot1,0,0,0.01500002,0.000589738

0,True,False,0.02,0.2,Rot1,0,0,0.01500002,0.000589738

0,True,False,0.02,0.2,Rot1,0,0,0.01500002,0.000589738

0,True,False,0.02,0.2,Rot1,0,0,0.01500002,0.000589738

0,True,False,0.02,0.2,Rot1,0,0,0.01500002,0.000589738

0,True,False,0.02,0.2,Rot1,0,0,0.01500002,0.000589738

0,True,False,0.02,0.2,Rot1,0,0,0.01500002,0.000589738

0,True,False,0.02,0.2,Rot1,0,0,0.01500002,0.000589738

0,True,False,0.02,0.2,Rot1,0,0,0.01500002,0.000589738

0,True,False,0.02,0.2,Rot1,0,0,0.01500002,0.000589738

0,True,False,0.02,0.2,Rot1,0,0,0.01500002,0.000589738

0,True,False,0.02,0.2,Rot1,0,0,0.01500002,0.000589738

0,True,False,0.02,0.2,Rot1,0,0,0.01500002,0.000589738

0,True,False,0.02,0.2,Rot1,0,0,0.01500002,0.000589738

0,True,False,0.02,0.2,Rot1,0,0,0.01500002,0.000589738

0,True,False,0.02,0.2,Rot1,0,0,0.01500002,0.000589738

0,True,False,0.02,0.2,Rot1,0,0,0.01500002,0.000589738

0,True,False,0.02,0.2,Rot1,0,0,0.01500002,0.000589738

0,True,False,0.02,0.2,Rot1,0,0,0.01500002,0.000589738

0,True,False,0.02,0.2,Rot1,0,0,0.01500002,0.000589738

0,True,False,0.02,0.2,Rot1,0,0,0.01500002,0.000589738

0,True,False,0.02,0.2,Rot1,0,0,0.01500002,0.000589738

0,True,False,0.02,0.2,Rot1,0,0,0.01500002,0.000589738

0,True,False,0.02,0.2,Rot1,0,0,0.01500002,0.000589738

0,True,False,0.02,0.2,Rot1,0,0,0.01500002,0.000589738

0,True,False,0.02,0.2,Rot1,0,0,0.01500002,0.000589738

0,True,False,0.02,0.2,Rot1,0,0,0.01500002,0.000589738

0,True,False,0.02,0.2,Rot1,0,0,0.01500002,0.000589738

0,True,False,0.02,0.2,Rot1,0,0,0.01500002,0.000589738

0,True,False,0.02,0.2,Rot1,0,0,0.01500002,0.000589738

0,True,False,0.02,0.2,Rot1,0,0,0.01500002,0.000589738

0,True,False,0.02,0.2,Rot1,0,0,0.01500002,0.000589738

0,True,False,0.02,0.2,Rot1,0,0,0.01500002,0.000589738

0,True,False,0.02,0.2,Rot1,0,0,0.01500002,0.000589738

0,True,False,0.02,0.2,Rot1,0,0,0.01500002,0.000589738

0,True,False,0.02,0.2,Rot1,0,0,0.01500002,0.000589738

0,True,False,0.02,0.2,Rot1,0,0,0.01500002,0.000589738

0,True,False,0.02,0.2,Rot1,0,0,0.01500002,0.000589738

0,True,False,0.02,0.2,Rot1,0,0,0.01500002,0.000589738

0,True,False,0.02,0.2,Rot1,0,0,0.01500002,0.000589738

0,True,False,0.02,0.2,Rot1,0,0,0.01500002,0.000589738

0,True,False,0.02,0.2,Rot1,0,0,0.01500002,0.000589738

0,True,False,0.02,0.2,Rot1,0,0,0.01500002,0.000589738

0,True,False,0.02,0.2,Rot1,0,0,0.01500002,0.000589738

0,True,False,0.02,0.2,Rot1,0,0,0.01500002,0.000589738

0,True,False,0.02,0.2,Rot1,0,0,0.01500002,0.000589738

0,True,False,0.02,0.2,Rot1,0,0,0.01500002,0.000589738

0,True,False,0.02,0.2,Rot1,0,0,0.01500002,0.000589738

0,True,False,0.02,0.2,Rot1,0,0,0.01500002,0.000589738

0,True,False,0.02,0.2,Rot1,0,0,0.01500002,0.000589738

0,True,False,0.02,0.2,Rot1,0,0,0.01500002,0.000589738

0,True,False,0.02,0.2,Rot1,0,0,0.01500002,0.000589738

0,True,False,0.02,0.2,Rot1,0,0,0.01500002,0.000589738

0,True,False,0.02,0.2,Rot1,0,0,0.01500002,0.000589738

0,True,False,0.02,0.2,Rot1,0,0,0.01500002,0.000589738

0,True,False,0.02,0.2,Rot1,0,0,0.01500002,0.000589738

0,True,False,0.02,0.2,Rot1,0,0,0.01500002,0.000589738

0,True,False,0.02,0.2,Rot1,0,0,0.01500002,0.000589738

0,True,False,0.02,0.2,Rot1,0,0,0.01500002,0.000589738

0,True,False,0.02,0.2,Rot1,0,0,0.01500002,0.000589738

0,True,False,0.02,0.2,Rot1,0,0,0.01500002,0.000589738

0,True,False,0.02,0.2,Rot1,0,0,0.01500002,0.000589738

0,True,False,0.02,0.2,Rot1,0,0,0.01500002,0.000589738

0,True,False,0.02,0.2,Rot1,0,0,0.01500002,0.000589738

0,True,False,0.02,0.2,Rot1,0,0,0.01500002,0.000589738

0,True,False,0.02,0.2,Rot1,0,0,0.01500002,0.000589738

0,True,False,0.02,0.2,Rot1,0,0,0.01500002,0.000589738

0,True,False,0.02,0.2,Rot1,0,0,0.01500002,0.000589738

0,True,False,0.02,0.2,Rot1,0,0,0.01500002,0.000589738

0,True,False,0.02,0.2,Rot1,0,0,0.01500002,0.000589738

0,True,False,0.02,0.2,Rot1,0,0,0.01500002,0.000589738

0,True,False,0.02,0.2,Rot1,0,0,0.01500002,0.000589738

0,True,False,0.02,0.2,Rot1,0,0,0.01500002,0.000589738

0,True,False,0.02,0.2,Rot1,0,0,0.01500002,0.000589738

0,True,False,0.02,0.2,Rot1,0,0,0.01500002,0.000589738

0,True,False,0.02,0.2,Rot1,0,0,0.01500002,0.000589738

0,True,False,0.02,0.2,Rot1,0,0,0.01500002,0.000589738

0,True,False,0.02,0.2,Rot1,0,0,0.01500002,0.000589738

0,True,False,0.02,0.2,Rot1,0,0,0.01500002,0.000589738

0,True,False,0.02,0.2,Rot1,0,0,0.01500002,0.000589738

0,True,False,0.02,0.2,Rot1,0,0,0.01500002,0.000589738

0,True,False,0.02,0.2,Rot1,0,0,0.01500002,0.000589738

0,True,False,0.02,0.2,Rot1,0,0,0.01500002,0.000589738

0,True,False,0.02,0.2,Rot1,0,0,0.01500002,0.000589738

0,True,False,0.02,0.2,Rot1,0,0,0.01500002,0.000589738

0,True,False,0.02,0.2,Rot1,0,0,0.01500002,0.000589738

0,True,False,0.02,0.2,Rot1,0,0,0.01500002,0.000589738

0,True,False,0.02,0.2,Rot1,0,0,0.01500002,0.000589738

0,True,False,0.02,0.2,Rot1,0,0,0.01500002,0.000589738

0,True,False,0.02,0.2,Rot1,0,0,0.01500002,0.000589738

0,True,False,0.02,0.2,Rot1,0,0,0.01500002,0.000589738

0,True,False,0.02,0.2,Rot1,0,0,0.01500002,0.000589738

0,True,False,0.02,0.2,Rot1,0,0,0.01500002,0.000589738

0,True,False,0.02,0.2,Rot1,0,0,0.01500002,0.000589738

0,True,False,0.02,0.2,Rot1,0,0,0.01500002,0.000589738

0,True,False,0.02,0.2,Rot1,0,0,0.01500002,0.000589738

0,True,False,0.02,0.2,Rot1,0,0,0.01500002,0.000589738

0,True,False,0.02,0.2,Rot1,0,0,0.01500002,0.000589738

0,True,False,0.02,0.2,Rot1,0,0,0.01500002,0.000589738

0,True,False,0.02,0.2,Rot1,0,0,0.01500002,0.000589738

0,True,False,0.02,0.2,Rot1,0,0,0.01500002,0.000589738

0,True,False,0.02,0.2,Rot1,0,0,0.01500002,0.000589738

0,True,False,0.02,0.2,Rot1,0,0,0.01500002,0.000589738

0,True,False,0.02,0.2,Rot1,0,0,0.01500002,0.000589738

0,True,False,0.02,0.2,Rot1,0,0,0.01500002,0.000589738

0,True,False,0.02,0.2,Rot1,0,0,0.01500002,0.000589738

0,True,False,0.02,0.2,Rot1,0,0,0.01500002,0.000589738

0,True,False,0.02,0.2,Rot1,0,0,0.01500002,0.000589738

0,True,False,0.02,0.2,Rot1,0,0,0.01500002,0.000589738

0,True,False,0.02,0.2,Rot1,0,0,0.01500002,0.000589738

0,True,False,0.02,0.2,Rot1,0,0,0.01500002,0.000589738

0,True,False,0.02,0.2,Rot1,0,0,0.01500002,0.000589738

0,True,False,0.02,0.2,Rot1,0,0,0.01500002,0.000589738

0,True,False,0.02,0.2,Rot1,0,0,0.01500002,0.000589738

0,True,False,0.02,0.2,Rot1,0,0,0.01500002,0.000589738

0,True,False,0.02,0.2,Rot1,0,0,0.01500002,0.000589738

0,True,False,0.02,0.2,Rot1,0,0,0.01500002,0.000589738

0,True,False,0.02,0.2,Rot1,0,0,0.01500002,0.000589738

0,True,False,0.02,0.2,Rot1,0,0,0.01500002,0.000589738

0,True,False,0.02,0.2,Rot1,0,0,0.01500002,0.000589738

0,True,False,0.02,0.2,Rot1,0,0,0.01500002,0.000589738

0,True,False,0.02,0.2,Rot1,0,0,0.01500002,0.000589738

0,True,False,0.02,0.2,Rot1,0,0,0.01500002,0.000589738

0,True,False,0.02,0.2,Rot1,0,0,0.01500002,0.000589738

0,True,False,0.02,0.2,Rot1,0,0,0.01500002,0.000589738

0,True,False,0.02,0.2,Rot1,0,0,0.01500002,0.000589738

0,True,False,0.02,0.2,Rot1,0,0,0.01500002,0.000589738

0,True,False,0.02,0.2,Rot1,0,0,0.01500002,0.000589738

0,True,False,0.02,0.2,Rot1,0,0,0.01500002,0.000589738

0,True,False,0.02,0.2,Rot1,0,0,0.01500002,0.000589738

0,True,False,0.02,0.2,Rot1,0,0,0.01500002,0.000589738

0,True,False,0.02,0.2,Rot1,0,0,0.01500002,0.000589738

0,True,False,0.02,0.2,Rot1,0,0,0.01500002,0.000589738

0,True,False,0.02,0.2,Rot1,0,0,0.01500002,0.000589738

0,True,False,0.02,0.2,Rot1,0,0,0.01500002,0.000589738

0,True,False,0.02,0.2,Rot1,0,0,0.01500002,0.000589738

0,True,False,0.02,0.2,Rot1,0,0,0.01500002,0.000589738

0,True,False,0.02,0.2,Rot1,0,0,0.01500002,0.000589738

0,True,False,0.02,0.2,Rot1,0,0,0.01500002,0.000589738

0,True,False,0.02,0.2,Rot1,0,0,0.01500002,0.000589738

0,True,False,0.02,0.2,Rot1,0,0,0.01500002,0.000589738

0,True,False,0.02,0.2,Rot1,0,0,0.01500002,0.000589738

0,True,False,0.02,0.2,Rot1,0,0,0.01500002,0.000589738

0,True,False,0.02,0.2,Rot1,0,0,0.01500002,0.000589738

0,True,False,0.02,0.2,Rot1,0,0,0.01500002,0.000589738

0,True,False,0.02,0.2,Rot1,0,0,0.01500002,0.000589738

0,True,False,0.02,0.2,Rot1,0,0,0.01500002,0.000589738

0,True,False,0.02,0.2,Rot1,0,0,0.01500002,0.000589738

0,True,False,0.02,0.2,Rot1,0,0,0.01500002,0.000589738

0,True,False,0.02,0.2,Rot1,0,0,0.01500002,0.000589738

0,True,False,0.02,0.2,Rot1,0,0,0.01500002,0.000589738

0,True,False,0.02,0.2,Rot1,0,0,0.01500002,0.000589738

0,True,False,0.02,0.2,Rot1,0,0,0.01500002,0.000589738

0,True,False,0.02,0.2,Rot1,0,0,0.01500002,0.000589738

0,True,False,0.02,0.2,Rot1,0,0,0.01500002,0.000589738

0,True,False,0.02,0.2,Rot1,0,0,0.01500002,0.000589738

0,True,False,0.02,0.2,Rot1,0,0,0.01500002,0.000589738

0,True,False,0.02,0.2,Rot1,0,0,0.01500002,0.000589738

0,True,False,0.02,0.2,Rot1,0,0,0.01500002,0.000589738

0,True,False,0.02,0.2,Rot1,0,0,0.01500002,0.000589738

0,True,False,0.02,0.2,Rot1,0,0,0.01500002,0.000589738

0,True,False,0.02,0.2,Rot1,0,0,0.01500002,0.000589738

0,True,False,0.02,0.2,Rot1,0,0,0.01500002,0.000589738

0,True,False,0.02,0.2,Rot1,0,0,0.01500002,0.000589738

0,True,False,0.02,0.2,Rot1,0,0,0.01500002,0.000589738

0,True,False,0.02,0.2,Rot1,0,0,0.01500002,0.000589738

0,True,False,0.02,0.2,Rot1,0,0,0.01500002,0.000589738

0,True,False,0.02,0.2,Rot1,0,0,0.01500002,0.000589738

0,True,False,0.02,0.2,Rot1,0,0,0.01500002,0.000589738

0,True,False,0.02,0.2,Rot1,0,0,0.01500002,0.000589738

0,True,False,0.02,0.2,Rot1,0,0,0.01500002,0.000589738

0,True,False,0.02,0.2,Rot1,0,0,0.01500002,0.000589738

0,True,False,0.02,0.2,Rot1,0,0,0.01500002,0.000589738

0,True,False,0.02,0.2,Rot1,0,0,0.01500002,0.000589738

0,True,False,0.02,0.2,Rot1,0,0,0.01500002,0.000589738

0,True,False,0.02,0.2,Rot1,0,0,0.01500002,0.000589738

0,True,False,0.02,0.2,Rot1,0,0,0.01500002,0.000589738

0,True,False,0.02,0.2,Rot1,0,0,0.01500002,0.000589738

0,True,False,0.02,0.2,Rot1,0,0,0.01500002,0.000589738

0,True,False,0.02,0.2,Rot1,0,0,0.01500002,0.000589738

0,True,False,0.02,0.2,Rot1,0,0,0.01500002,0.000589738

0,True,False,0.02,0.2,Rot1,0,0,0.01500002,0.000589738

0,True,False,0.02,0.2,Rot1,0,0,0.01500002,0.000589738

0,True,False,0.02,0.2,Rot1,0,0,0.01500002,0.000589738

0,True,False,0.02,0.2,Rot1,0,0,0.01500002,0.000589738

0,True,False,0.02,0.2,Rot1,0,0,0.01500002,0.000589738

0,True,False,0.02,0.2,Rot1,0,0,0.01500002,0.000589738

0,True,False,0.02,0.2,Rot1,0,0,0.01500002,0.000589738

0,True,False,0.02,0.2,Rot1,0,0,0.01500002,0.000589738

0,True,False,0.02,0.2,Rot1,0,0,0.01500002,0.000589738

0,True,False,0.02,0.2,Rot1,0,0,0.01500002,0.000589738

0,True,False,0.02,0.2,Rot1,0,0,0.01500002,0.000589738

0,True,False,0.02,0.2,Rot1,0,0,0.01500002,0.000589738

0,True,False,0.02,0.2,Rot1,0,0,0.01500002,0.000589738

0,True,False,0.02,0.2,Rot1,0,0,0.01500002,0.000589738

0,True,False,0.02,0.2,Rot1,0,0,0.01500002,0.000589738

0,True,False,0.02,0.2,Rot1,0,0,0.01500002,0.000589738

0,True,False,0.02,0.2,Rot1,0,0,0.01500002,0.000589738

0,True,False,0.02,0.2,Rot1,0,0,0.01500002,0.000589738

0,True,False,0.02,0.2,Rot1,0,0,0.01500002,0.000589738

0,True,False,0.02,0.2,Rot1,0,0,0.01500002,0.000589738

0,True,False,0.02,0.2,Rot1,0,0,0.01500002,0.000589738

0,True,False,0.02,0.2,Rot1,0,0,0.01500002,0.000589738

0,True,False,0.02,0.2,Rot1,0,0,0.01500002,0.000589738

0,True,False,0.02,0.2,Rot1,0,0,0.01500002,0.000589738

0,True,False,0.02,0.2,Rot1,0,0,0.01500002,0.000589738

0,True,False,0.02,0.2,Rot1,0,0,0.01500002,0.000589738

0,True,False,0.02,0.2,Rot1,0,0,0.01500002,0.000589738

0,True,False,0.02,0.2,Rot1,0,0,0.01500002,0.000589738

0,True,False,0.02,0.2,Rot1,0,0,0.01500002,0.000589738

0,True,False,0.02,0.2,Rot1,0,0,0.01500002,0.000589738

0,True,False,0.02,0.2,Rot1,0,0,0.01500002,0.000589738

0,True,False,0.02,0.2,Rot1,0,0,0.01500002,0.000589738

0,True,False,0.02,0.2,Rot1,0,0,0.01500002,0.000589738

0,True,False,0.02,0.2,Rot1,0,0,0.01500002,0.000589738

0,True,False,0.02,0.2,Rot1,0,0,0.01500002,0.000589738

0,True,False,0.02,0.2,Rot1,0,0,0.01500002,0.000589738

0,True,False,0.02,0.2,Rot1,0,0,0.01500002,0.000589738

0,True,False,0.02,0.2,Rot1,0,0,0.01500002,0.000589738

0,True,False,0.02,0.2,Rot1,0,0,0.01500002,0.000589738

0,True,False,0.02,0.2,Rot1,0,0,0.01500002,0.000589738

0,True,False,0.02,0.2,Rot1,0,0,0.01500002,0.000589738

0,True,False,0.02,0.2,Rot1,0,0,0.01500002,0.000589738

0,True,False,0.02,0.2,Rot1,0,0,0.01500002,0.000589738

0,True,False,0.02,0.2,Rot1,0,0,0.01500002,0.000589738

0,True,False,0.02,0.2,Rot1,0,0,0.01500002,0.000589738

0,True,False,0.02,0.2,Rot1,0,0,0.01500002,0.000589738

0,True,False,0.02,0.2,Rot1,0,0,0.01500002,0.000589738

0,True,False,0.02,0.2,Rot1,0,0,0.01500002,0.000589738

0,True,False,0.02,0.2,Rot1,0,0,0.01500002,0.000589738

0,True,False,0.02,0.2,Rot1,0,0,0.01500002,0.000589738

0,True,False,0.02,0.2,Rot1,0,0,0.01500002,0.000589738

0,True,False,0.02,0.2,Rot1,0,0,0.01500002,0.000589738

0,True,False,0.02,0.2,Rot1,0,0,0.01500002,0.000589738

0,True,False,0.02,0.2,Rot1,0,0,0.01500002,0.000589738

0,True,False,0.02,0.2,Rot1,0,0,0.01500002,0.000589738

0,True,False,0.02,0.2,Rot1,0,0,0.01500002,0.000589738

0,True,False,0.02,0.2,Rot1,0,0,0.01500002,0.000589738

0,True,False,0.02,0.2,Rot1,0,0,0.01500002,0.000589738

0,True,False,0.02,0.2,Rot1,0,0,0.01500002,0.000589738

0,True,False,0.02,0.2,Rot1,0,0,0.01500002,0.000589738

0,True,False,0.02,0.2,Rot1,0,0,0.01500002,0.000589738

0,True,False,0.02,0.2,Rot1,0,0,0.01500002,0.000589738

0,True,False,0.02,0.2,Rot1,0,0,0.01500002,0.000589738

0,True,False,0.02,0.2,Rot1,0,0,0.01500002,0.000589738

0,True,False,0.02,0.2,Rot1,0,0,0.01500002,0.000589738

0,True,False,0.02,0.2,Rot1,0,0,0.01500002,0.000589738

0,True,False,0.02,0.2,Rot1,0,0,0.01500002,0.000589738

0,True,False,0.02,0.2,Rot1,0,0,0.01500002,0.000589738

0,True,False,0.02,0.2,Rot1,0,0,0.01500002,0.000589738

0,True,False,0.02,0.2,Rot1,0,0,0.01500002,0.000589738

0,True,False,0.02,0.2,Rot1,0,0,0.01500002,0.000589738

0,True,False,0.02,0.2,Rot1,0,0,0.01500002,0.000589738

0,True,False,0.02,0.2,Rot1,0,0,0.01500002,0.000589738

0,True,False,0.02,0.2,Rot1,0,0,0.01500002,0.000589738

0,True,False,0.02,0.2,Rot1,0,0,0.01500002,0.000589738

0,True,False,0.02,0.2,Rot1,0,0,0.01500002,0.000589738

0,True,False,0.02,0.2,Rot1,0,0,0.01500002,0.000589738

0,True,False,0.02,0.2,Rot1,0,0,0.01500002,0.000589738

0,True,False,0.02,0.2,Rot1,0,0,0.01500002,0.000589738

0,True,False,0.02,0.2,Rot1,0,0,0.01500002,0.000589738

0,True,False,0.02,0.2,Rot1,0,0,0.01500002,0.000589738

0,True,False,0.02,0.2,Rot1,0,0,0.01500002,0.000589738

0,True,False,0.02,0.2,Rot1,0,0,0.01500002,0.000589738

0,True,False,0.02,0.2,Rot1,0,0,0.01500002,0.000589738

0,True,False,0.02,0.2,Rot1,0,0,0.01500002,0.000589738

0,True,False,0.02,0.2,Rot1,0,0,0.01500002,0.000589738

0,True,False,0.02,0.2,Rot1,0,0,0.01500002,0.000589738

0,True,False,0.02,0.2,Rot1,0,0,0.01500002,0.000589738

0,True,False,0.02,0.2,Rot1,0,0,0.01500002,0.000589738

0,True,False,0.02,0.2,Rot1,0,0,0.01500002,0.000589738

0,True,False,0.02,0.2,Rot1,0,0,0.01500002,0.000589738

0,True,False,0.02,0.2,Rot1,0,0,0.01500002,0.000589738

0,True,False,0.02,0.2,Rot1,0,0,0.01500002,0.000589738

0,True,False,0.02,0.2,Rot1,0,0,0.01500002,0.000589738

0,True,False,0.02,0.2,Rot1,0,0,0.01500002,0.000589738

0,True,False,0.02,0.2,Rot1,0,0,0.01500002,0.000589738

0,True,False,0.02,0.2,Rot1,0,0,0.01500002,0.000589738

0,True,False,0.02,0.2,Rot1,0,0,0.01500002,0.000589738

0,True,False,0.02,0.2,Rot1,0,0,0.01500002,0.000589738

0,True,False,0.02,0.2,Rot1,0,0,0.01500002,0.000589738

0,True,False,0.02,0.2,Rot1,0,0,0.01500002,0.000589738

0,True,False,0.02,0.2,Rot1,0,0,0.01500002,0.000589738

0,True,False,0.02,0.2,Rot1,0,0,0.01500002,0.000589738

0,True,False,0.02,0.2,Rot1,0,0,0.01500002,0.000589738

0,True,False,0.02,0.2,Rot1,0,0,0.01500002,0.000589738

0,True,False,0.02,0.2,Rot1,0,0,0.01500002,0.000589738

0,True,False,0.02,0.2,Rot1,0,0,0.01500002,0.000589738

0,True,False,0.02,0.2,Rot1,0,0,0.01500002,0.000589738

0,True,False,0.02,0.2,Rot1,0,0,0.01500002,0.000589738

0,True,False,0.02,0.2,Rot1,0,0,0.01500002,0.000589738

0,True,False,0.02,0.2,Rot1,0,0,0.01500002,0.000589738

0,True,False,0.02,0.2,Rot1,0,0,0.01500002,0.000589738

0,True,False,0.02,0.2,Rot1,0,0,0.01500002,0.000589738

0,True,False,0.02,0.2,Rot1,0,0,0.01500002,0.000589738

0,True,False,0.02,0.2,Rot1,0,0,0.01500002,0.000589738

0,True,False,0.02,0.2,Rot1,0,0,0.01500002,0.000589738

0,True,False,0.02,0.2,Rot1,0,0,0.01500002,0.000589738

0,True,False,0.02,0.2,Rot1,0,0,0.01500002,0.000589738

0,True,False,0.02,0.2,Rot1,0,0,0.01500002,0.000589738

0,True,False,0.02,0.2,Rot1,0,0,0.01500002,0.000589738

0,True,False,0.02,0.2,Rot1,0,0,0.01500002,0.000589738

0,True,False,0.02,0.2,Rot1,0,0,0.01500002,0.000589738

0,True,False,0.02,0.2,Rot1,0,0,0.01500002,0.000589738

0,True,False,0.02,0.2,Rot1,0,0,0.01500002,0.000589738

0,True,False,0.02,0.2,Rot1,0,0,0.01500002,0.000589738

0,True,False,0.02,0.2,Rot1,0,0,0.01500002,0.000589738

0,True,False,0.02,0.2,Rot1,0,0,0.01500002,0.000589738

0,True,False,0.02,0.2,Rot1,0,0,0.01500002,0.000589738

0,True,False,0.02,0.2,Rot1,0,0,0.01500002,0.000589738

0,True,False,0.02,0.2,Rot1,0,0,0.01500002,0.000589738

0,True,False,0.02,0.2,Rot1,0,0,0.01500002,0.000589738

0,True,False,0.02,0.2,Rot1,0,0,0.01500002,0.000589738

0,True,False,0.02,0.2,Rot1,0,0,0.01500002,0.000589738

0,True,False,0.02,0.2,Rot1,0,0,0.01500002,0.000589738

0,True,False,0.02,0.2,Rot1,0,0,0.01500002,0.000589738

0,True,False,0.02,0.2,Rot1,0,0,0.01500002,0.000589738

0,True,False,0.02,0.2,Rot1,0,0,0.01500002,0.000589738

0,True,False,0.02,0.2,Rot1,0,0,0.01500002,0.000589738

0,True,False,0.02,0.2,Rot1,0,0,0.01500002,0.000589738

0,True,False,0.02,0.2,Rot1,0,0,0.01500002,0.000589738

0,True,False,0.02,0.2,Rot1,0,0,0.01500002,0.000589738

0,True,False,0.02,0.2,Rot1,0,0,0.01500002,0.000589738

0,True,False,0.02,0.2,Rot1,0,0,0.01500002,0.000589738

0,True,False,0.02,0.2,Rot1,0,0,0.01500002,0.000589738

0,True,False,0.02,0.2,Rot1,0,0,0.01500002,0.000589738

0,True,False,0.02,0.2,Rot1,0,0,0.01500002,0.000589738

0,True,False,0.02,0.2,Rot1,0,0,0.01500002,0.000589738

0,True,False,0.02,0.2,Rot1,0,0,0.01500002,0.000589738

0,True,False,0.02,0.2,Rot1,0,0,0.01500002,0.000589738

0,True,False,0.02,0.2,Rot1,0,0,0.01500002,0.000589738

0,True,False,0.02,0.2,Rot1,0,0,0.01500002,0.000589738

0,True,False,0.02,0.2,Rot1,0,0,0.01500002,0.000589738

0,True,False,0.02,0.2,Rot1,0,0,0.01500002,0.000589738

0,True,False,0.02,0.2,Rot1,0,0,0.01500002,0.000589738

0,True,False,0.02,0.2,Rot1,0,0,0.01500002,0.000589738

0,True,False,0.02,0.2,Rot1,0,0,0.01500002,0.000589738

0,True,False,0.02,0.2,Rot1,0,0,0.01500002,0.000589738

0,True,False,0.02,0.2,Rot1,0,0,0.01500002,0.000589738

0,True,False,0.02,0.2,Rot1,0,0,0.01500002,0.000589738

0,True,False,0.02,0.2,Rot1,0,0,0.01500002,0.000589738

0,True,False,0.02,0.2,Rot1,0,0,0.01500002,0.000589738

0,True,False,0.02,0.2,Rot1,0,0,0.01500002,0.000589738

0,True,False,0.02,0.2,Rot1,0,0,0.01500002,0.000589738

0,True,False,0.02,0.2,Rot1,0,0,0.01500002,0.000589738

0,True,False,0.02,0.2,Rot1,0,0,0.01500002,0.000589738

0,True,False,0.02,0.2,Rot1,0,0,0.01500002,0.000589738

0,True,False,0.02,0.2,Rot1,0,0,0.01500002,0.000589738

0,True,False,0.02,0.2,Rot1,0,0,0.01500002,0.000589738

0,True,False,0.02,0.2,Rot1,0,0,0.01500002,0.000589738

0,True,False,0.02,0.2,Rot1,0,0,0.01500002,0.000589738

0,True,False,0.02,0.2,Rot1,0,0,0.01500002,0.000589738

0,True,False,0.02,0.2,Rot1,0,0,0.01500002,0.000589738

0,True,False,0.02,0.2,Rot1,0,0,0.01500002,0.000589738

0,True,False,0.02,0.2,Rot1,0,0,0.01500002,0.000589738

0,True,False,0.02,0.2,Rot1,0,0,0.01500002,0.000589738

0,True,False,0.02,0.2,Rot1,0,0,0.01500002,0.000589738

0,True,False,0.02,0.2,Rot1,0,0,0.01500002,0.000589738

0,True,False,0.02,0.2,Rot1,0,0,0.01500002,0.000589738

0,True,False,0.02,0.2,Rot1,0,0,0.01500002,0.000589738

0,True,False,0.02,0.2,Rot1,0,0,0.01500002,0.000589738

0,True,False,0.02,0.2,Rot1,0,0,0.01500002,0.000589738

0,True,False,0.02,0.2,Rot1,0,0,0.01500002,0.000589738

0,True,False,0.02,0.2,Rot1,0,0,0.01500002,0.000589738

0,True,False,0.02,0.2,Rot1,0,0,0.01500002,0.000589738

0,True,False,0.02,0.2,Rot1,0,0,0.01500002,0.000589738

0,True,False,0.02,0.2,Rot1,0,0,0.01500002,0.000589738

0,True,False,0.02,0.2,Rot1,0,0,0.01500002,0.000589738

0,True,False,0.02,0.2,Rot1,0,0,0.01500002,0.000589738

0,True,False,0.02,0.2,Rot1,0,0,0.01500002,0.000589738

0,True,False,0.02,0.2,Rot1,0,0,0.01500002,0.000589738

0,True,False,0.02,0.2,Rot1,0,0,0.01500002,0.000589738

0,True,False,0.02,0.2,Rot1,0,0,0.01500002,0.000589738

0,True,False,0.02,0.2,Rot1,0,0,0.01500002,0.000589738

0,True,False,0.02,0.2,Rot1,0,0,0.01500002,0.000589738

0,True,False,0.02,0.2,Rot1,0,0,0.01500002,0.000589738

0,True,False,0.02,0.2,Rot1,0,0,0.01500002,0.000589738

0,True,False,0.02,0.2,Rot1,0,0,0.01500002,0.000589738

0,True,False,0.02,0.2,Rot1,0,0,0.01500002,0.000589738

0,True,False,0.02,0.2,Rot1,0,0,0.01500002,0.000589738

0,True,False,0.02,0.2,Rot1,0,0,0.01500002,0.000589738

0,True,False,0.02,0.2,Rot1,0,0,0.01500002,0.000589738

0,True,False,0.02,0.2,Rot1,0,0,0.01500002,0.000589738

0,True,False,0.02,0.2,Rot1,0,0,0.01500002,0.000589738

0,True,False,0.02,0.2,Rot1,0,0,0.01500002,0.000589738

0,True,False,0.02,0.2,Rot1,0,0,0.01500002,0.000589738

0,True,False,0.02,0.2,Rot1,0,0,0.01500002,0.000589738

0,True,False,0.02,0.2,Rot1,0,0,0.01500002,0.000589738

0,True,False,0.02,0.2,Rot1,0,0,0.01500002,0.000589738

0,True,False,0.02,0.2,Rot1,0,0,0.01500002,0.000589738

0,True,False,0.02,0.2,Rot1,0,0,0.01500002,0.000589738

0,True,False,0.02,0.2,Rot1,0,0,0.01500002,0.000589738

0,True,False,0.02,0.2,Rot1,0,0,0.01500002,0.000589738

0,True,False,0.02,0.2,Rot1,0,0,0.01500002,0.000589738

0,True,False,0.02,0.2,Rot1,0,0,0.01500002,0.000589738

0,True,False,0.02,0.2,Rot1,0,0,0.01500002,0.000589738

0,True,False,0.02,0.2,Rot1,0,0,0.01500002,0.000589738

0,True,False,0.02,0.2,Rot1,0,0,0.01500002,0.000589738

0,True,False,0.02,0.2,Rot1,0,0,0.01500002,0.000589738

0,True,False,0.02,0.2,Rot1,0,0,0.01500002,0.000589738

0,True,False,0.02,0.2,Rot1,0,0,0.01500002,0.000589738

0,True,False,0.02,0.2,Rot1,0,0,0.01500002,0.000589738

0,True,False,0.02,0.2,Rot1,0,0,0.01500002,0.000589738

0,True,False,0.02,0.2,Rot1,0,0,0.01500002,0.000589738

0,True,False,0.02,0.2,Rot1,0,0,0.01500002,0.000589738

0,True,False,0.02,0.2,Rot1,0,0,0.01500002,0.000589738

0,True,False,0.02,0.2,Rot1,0,0,0.01500002,0.000589738

0,True,False,0.02,0.2,Rot1,0,0,0.01500002,0.000589738

0,True,False,0.02,0.2,Rot1,0,0,0.01500002,0.000589738

0,True,False,0.02,0.2,Rot1,0,0,0.01500002,0.000589738

0,True,False,0.02,0.2,Rot1,0,0,0.01500002,0.000589738

0,True,False,0.02,0.2,Rot1,0,0,0.01500002,0.000589738

0,True,False,0.02,0.2,Rot1,0,0,0.01500002,0.000589738

0,True,False,0.02,0.2,Rot1,0,0,0.01500002,0.000589738

0,True,False,0.02,0.2,Rot1,0,0,0.01500002,0.000589738

0,True,False,0.02,0.2,Rot1,0,0,0.01500002,0.000589738

0,True,False,0.02,0.2,Rot1,0,0,0.01500002,0.000589738

0,True,False,0.02,0.2,Rot1,0,0,0.01500002,0.000589738

0,True,False,0.02,0.2,Rot1,0,0,0.01500002,0.000589738

0,True,False,0.02,0.2,Rot1,0,0,0.01500002,0.000589738

0,True,False,0.02,0.2,Rot1,0,0,0.01500002,0.000589738

0,True,False,0.02,0.2,Rot1,0,0,0.01500002,0.000589738

0,True,False,0.02,0.2,Rot1,0,0,0.01500002,0.000589738

0,True,False,0.02,0.2,Rot1,0,0,0.01500002,0.000589738

0,True,False,0.02,0.2,Rot1,0,0,0.01500002,0.000589738

0,True,False,0.02,0.2,Rot1,0,0,0.01500002,0.000589738

0,True,False,0.02,0.2,Rot1,0,0,0.01500002,0.000589738

0,True,False,0.02,0.2,Rot1,0,0,0.01500002,0.000589738

0,True,False,0.02,0.2,Rot1,0,0,0.01500002,0.000589738

0,True,False,0.02,0.2,Rot1,0,0,0.01500002,0.000589738

0,True,False,0.02,0.2,Rot1,0,0,0.01500002,0.000589738

0,True,False,0.02,0.2,Rot1,0,0,0.01500002,0.000589738

0,True,False,0.02,0.2,Rot1,0,0,0.01500002,0.000589738

0,True,False,0.02,0.2,Rot1,0,0,0.01500002,0.000589738

0,True,False,0.02,0.2,Rot1,0,0,0.01500002,0.000589738

0,True,False,0.02,0.2,Rot1,0,0,0.01500002,0.000589738

0,True,False,0.02,0.2,Rot1,0,0,0.01500002,0.000589738

0,True,False,0.02,0.2,Rot1,0,0,0.01500002,0.000589738

0,True,False,0.02,0.2,Rot1,0,0,0.01500002,0.000589738

0,True,False,0.02,0.2,Rot1,0,0,0.01500002,0.000589738

0,True,False,0.02,0.2,Rot1,0,0,0.01500002,0.000589738

0,True,False,0.02,0.2,Rot1,0,0,0.01500002,0.000589738

0,True,False,0.02,0.2,Rot1,0,0,0.01500002,0.000589738

0,True,False,0.02,0.2,Rot1,0,0,0.01500002,0.000589738

0,True,False,0.02,0.2,Rot1,0,0,0.01500002,0.000589738

0,True,False,0.02,0.2,Rot1,0,0,0.01500002,0.000589738

0,True,False,0.02,0.2,Rot1,0,0,0.01500002,0.000589738

0,True,False,0.02,0.2,Rot1,0,0,0.01500002,0.000589738

0,True,False,0.02,0.2,Rot1,0,0,0.01500002,0.000589738

0,True,False,0.02,0.2,Rot1,0,0,0.01500002,0.000589738

0,True,False,0.02,0.2,Rot1,0,0,0.01500002,0.000589738

0,True,False,0.02,0.2,Rot1,0,0,0.01500002,0.000589738

0,True,False,0.02,0.2,Rot1,0,0,0.01500002,0.000589738

0,True,False,0.02,0.2,Rot1,0,0,0.01500002,0.000589738

0,True,False,0.02,0.2,Rot1,0,0,0.01500002,0.000589738

0,True,False,0.02,0.2,Rot1,0,0,0.01500002,0.000589738

0,True,False,0.02,0.2,Rot1,0,0,0.01500002,0.000589738

0,True,False,0.02,0.2,Rot1,0,0,0.01500002,0.000589738

0,True,False,0.02,0.2,Rot1,0,0,0.01500002,0.000589738

0,True,False,0.02,0.2,Rot1,0,0,0.01500002,0.000589738

0,True,False,0.02,0.2,Rot1,0,0,0.01500002,0.000589738

0,True,False,0.02,0.2,Rot1,0,0,0.01500002,0.000589738

0,True,False,0.02,0.2,Rot1,0,0,0.01500002,0.000589738

0,True,False,0.02,0.2,Rot1,0,0,0.01500002,0.000589738

0,True,False,0.02,0.2,Rot1,0,0,0.01500002,0.000589738

0,True,False,0.02,0.2,Rot1,0,0,0.01500002,0.000589738

0,True,False,0.02,0.2,Rot1,0,0,0.01500002,0.000589738

0,True,False,0.02,0.2,Rot1,0,0,0.01500002,0.000589738

0,True,False,0.02,0.2,Rot1,0,0,0.01500002,0.000589738

0,True,False,0.02,0.2,Rot1,0,0,0.01500002,0.000589738

0,True,False,0.02,0.2,Rot1,0,0,0.01500002,0.000589738

0,True,False,0.02,0.2,Rot1,0,0,0.01500002,0.000589738

0,True,False,0.02,0.2,Rot1,0,0,0.01500002,0.000589738

0,True,False,0.02,0.2,Rot1,0,0,0.01500002,0.000589738

0,True,False,0.02,0.2,Rot1,0,0,0.01500002,0.000589738

0,True,False,0.02,0.2,Rot1,0,0,0.01500002,0.000589738

0,True,False,0.02,0.2,Rot1,0,0,0.01500002,0.000589738

0,True,False,0.02,0.2,Rot1,0,0,0.01500002,0.000589738

0,True,False,0.02,0.2,Rot1,0,0,0.01500002,0.000589738

0,True,False,0.02,0.2,Rot1,0,0,0.01500002,0.000589738

0,True,False,0.02,0.2,Rot1,0,0,0.01500002,0.000589738

0,True,False,0.02,0.2,Rot1,0,0,0.01500002,0.000589738

0,True,False,0.02,0.2,Rot1,0,0,0.01500002,0.000589738

0,True,False,0.02,0.2,Rot1,0,0,0.01500002,0.000589738

0,True,False,0.02,0.2,Rot1,0,0,0.01500002,0.000589738

0,True,False,0.02,0.2,Rot1,0,0,0.01500002,0.000589738

0,True,False,0.02,0.2,Rot1,0,0,0.01500002,0.000589738

0,True,False,0.02,0.2,Rot1,0,0,0.01500002,0.000589738

0,True,False,0.02,0.2,Rot1,0,0,0.01500002,0.000589738

0,True,False,0.02,0.2,Rot1,0,0,0.01500002,0.000589738

0,True,False,0.02,0.2,Rot1,0,0,0.01500002,0.000589738

0,True,False,0.02,0.2,Rot1,0,0,0.01500002,0.000589738

0,True,False,0.02,0.2,Rot1,0,0,0.01500002,0.000589738

0,True,False,0.02,0.2,Rot1,0,0,0.01500002,0.000589738

0,True,False,0.02,0.2,Rot1,0,0,0.01500002,0.000589738

0,True,False,0.02,0.2,Rot1,0,0,0.01500002,0.000589738

0,True,False,0.02,0.2,Rot1,0,0,0.01500002,0.000589738

0,True,False,0.02,0.2,Rot1,0,0,0.01500002,0.000589738

0,True,False,0.02,0.2,Rot1,0,0,0.01500002,0.000589738

0,True,False,0.02,0.2,Rot1,0,0,0.01500002,0.000589738

0,True,False,0.02,0.2,Rot1,0,0,0.01500002,0.000589738

0,True,False,0.02,0.2,Rot1,0,0,0.01500002,0.000589738

0,True,False,0.02,0.2,Rot1,0,0,0.01500002,0.000589738

0,True,False,0.02,0.2,Rot1,0,0,0.01500002,0.000589738

0,True,False,0.02,0.2,Rot1,0,0,0.01500002,0.000589738

0,True,False,0.02,0.2,Rot1,0,0,0.01500002,0.000589738

0,True,False,0.02,0.2,Rot1,0,0,0.01500002,0.000589738

0,True,False,0.02,0.2,Rot1,0,0,0.01500002,0.000589738

0,True,False,0.02,0.2,Rot1,0,0,0.01500002,0.000589738

0,True,False,0.02,0.2,Rot1,0,0,0.01500002,0.000589738

0,True,False,0.02,0.2,Rot1,0,0,0.01500002,0.000589738

0,True,False,0.02,0.2,Rot1,0,0,0.01500002,0.000589738

0,True,False,0.02,0.2,Rot1,0,0,0.01500002,0.000589738

0,True,False,0.02,0.2,Rot1,0,0,0.01500002,0.000589738

0,True,False,0.02,0.2,Rot1,0,0,0.01500002,0.000589738

0,True,False,0.02,0.2,Rot1,0,0,0.01500002,0.000589738

0,True,False,0.02,0.2,Rot1,0,0,0.01500002,0.000589738

0,True,False,0.02,0.2,Rot1,0,0,0.01500002,0.000589738

0,True,False,0.02,0.2,Rot1,0,0,0.01500002,0.000589738

0,True,False,0.02,0.2,Rot1,0,0,0.01500002,0.000589738

0,True,False,0.02,0.2,Rot1,0,0,0.01500002,0.000589738

0,True,False,0.02,0.2,Rot1,0,0,0.01500002,0.000589738

0,True,False,0.02,0.2,Rot1,0,0,0.01500002,0.000589738

0,True,False,0.02,0.2,Rot1,0,0,0.01500002,0.000589738

0,True,False,0.02,0.2,Rot1,0,0,0.01500002,0.000589738

0,True,False,0.02,0.2,Rot1,0,0,0.01500002,0.000589738

0,True,False,0.02,0.2,Rot1,0,0,0.01500002,0.000589738

0,True,False,0.02,0.2,Rot1,0,0,0.01500002,0.000589738

0,True,False,0.02,0.2,Rot1,0,0,0.01500002,0.000589738

0,True,False,0.02,0.2,Rot1,0,0,0.01500002,0.000589738

0,True,False,0.02,0.2,Rot1,0,0,0.01500002,0.000589738

0,True,False,0.02,0.2,Rot1,0,0,0.01500002,0.000589738

0,True,False,0.02,0.2,Rot1,0,0,0.01500002,0.000589738

0,True,False,0.02,0.2,Rot1,0,0,0.01500002,0.000589738

0,True,False,0.02,0.2,Rot1,0,0,0.01500002,0.000589738

0,True,False,0.02,0.2,Rot1,0,0,0.01500002,0.000589738

0,True,False,0.02,0.2,Rot1,0,0,0.01500002,0.000589738

0,True,False,0.02,0.2,Rot1,0,0,0.01500002,0.000589738

0,True,False,0.02,0.2,Rot1,0,0,0.01500002,0.000589738

0,True,False,0.02,0.2,Rot1,0,0,0.01500002,0.000589738

0,True,False,0.02,0.2,Rot1,0,0,0.01500002,0.000589738

0,True,False,0.02,0.2,Rot1,0,0,0.01500002,0.000589738

0,True,False,0.02,0.2,Rot1,0,0,0.01500002,0.000589738

0,True,False,0.02,0.2,Rot1,0,0,0.01500002,0.000589738

0,True,False,0.02,0.2,Rot1,0,0,0.01500002,0.000589738

0,True,False,0.02,0.2,Rot1,0,0,0.01500002,0.000589738

0,True,False,0.02,0.2,Rot1,0,0,0.01500002,0.000589738

0,True,False,0.02,0.2,Rot1,0,0,0.01500002,0.000589738

0,True,False,0.02,0.2,Rot1,0,0,0.01500002,0.000589738

0,True,False,0.02,0.2,Rot1,0,0,0.01500002,0.000589738

0,True,False,0.02,0.2,Rot1,0,0,0.01500002,0.000589738

0,True,False,0.02,0.2,Rot1,0,0,0.01500002,0.000589738

0,True,False,0.02,0.2,Rot1,0,0,0.01500002,0.000589738

0,True,False,0.02,0.2,Rot1,0,0,0.01500002,0.000589738

0,True,False,0.02,0.2,Rot1,0,0,0.01500002,0.000589738

0,True,False,0.02,0.2,Rot1,0,0,0.01500002,0.000589738

0,True,False,0.02,0.2,Rot1,0,0,0.01500002,0.000589738

0,True,False,0.02,0.2,Rot1,0,0,0.01500002,0.000589738

0,True,False,0.02,0.2,Rot1,0,0,0.01500002,0.000589738

0,True,False,0.02,0.2,Rot1,0,0,0.01500002,0.000589738

0,True,False,0.02,0.2,Rot1,0,0,0.01500002,0.000589738

0,True,False,0.02,0.2,Rot1,0,0,0.01500002,0.000589738

0,True,False,0.02,0.2,Rot1,0,0,0.01500002,0.000589738

0,True,False,0.02,0.2,Rot1,0,0,0.01500002,0.000589738

0,True,False,0.02,0.2,Rot1,0,0,0.01500002,0.000589738

0,True,False,0.02,0.2,Rot1,0,0,0.01500002,0.000589738

0,True,False,0.02,0.2,Rot1,0,0,0.01500002,0.000589738

0,True,False,0.02,0.2,Rot1,0,0,0.01500002,0.000589738

0,True,False,0.02,0.2,Rot1,0,0,0.01500002,0.000589738

0,True,False,0.02,0.2,Rot1,0,0,0.01500002,0.000589738

0,True,False,0.02,0.2,Rot1,0,0,0.01500002,0.000589738

0,True,False,0.02,0.2,Rot1,0,0,0.01500002,0.000589738

0,True,False,0.02,0.2,Rot1,0,0,0.01500002,0.000589738

0,True,False,0.02,0.2,Rot1,0,0,0.01500002,0.000589738

0,True,False,0.02,0.2,Rot1,0,0,0.01500002,0.000589738

0,True,False,0.02,0.2,Rot1,0,0,0.01500002,0.000589738

0,True,False,0.02,0.2,Rot1,0,0,0.01500002,0.000589738

0,True,False,0.02,0.2,Rot1,0,0,0.01500002,0.000589738

0,True,False,0.02,0.2,Rot1,0,0,0.01500002,0.000589738

0,True,False,0.02,0.2,Rot1,0,0,0.01500002,0.000589738

0,True,False,0.02,0.2,Rot1,0,0,0.01500002,0.000589738

0,True,False,0.02,0.2,Rot1,0,0,0.01500002,0.000589738

0,True,False,0.02,0.2,Rot1,0,0,0.01500002,0.000589738

0,True,False,0.02,0.2,Rot1,0,0,0.01500002,0.000589738

0,True,False,0.02,0.2,Rot1,0,0,0.01500002,0.000589738

0,True,False,0.02,0.2,Rot1,0,0,0.01500002,0.000589738

0,True,False,0.02,0.2,Rot1,0,0,0.01500002,0.000589738

0,True,False,0.02,0.2,Rot1,0,0,0.01500002,0.000589738

0,True,False,0.02,0.2,Rot1,0,0,0.01500002,0.000589738

0,True,False,0.02,0.2,Rot1,0,0,0.01500002,0.000589738

0,True,False,0.02,0.2,Rot1,0,0,0.01500002,0.000589738

0,True,False,0.02,0.2,Rot1,0,0,0.01500002,0.000589738

0,True,False,0.02,0.2,Rot1,0,0,0.01500002,0.000589738

0,True,False,0.02,0.2,Rot1,0,0,0.01500002,0.000589738

0,True,False,0.02,0.2,Rot1,0,0,0.01500002,0.000589738

0,True,False,0.02,0.2,Rot1,0,0,0.01500002,0.000589738

0,True,False,0.02,0.2,Rot1,0,0,0.01500002,0.000589738

0,True,False,0.02,0.2,Rot1,0,0,0.01500002,0.000589738

0,True,False,0.02,0.2,Rot1,0,0,0.01500002,0.000589738

0,True,False,0.02,0.2,Rot1,0,0,0.01500002,0.000589738

0,True,False,0.02,0.2,Rot1,0,0,0.01500002,0.000589738

0,True,False,0.02,0.2,Rot1,0,0,0.01500002,0.000589738

0,True,False,0.02,0.2,Rot1,0,0,0.01500002,0.000589738

0,True,False,0.02,0.2,Rot1,0,0,0.01500002,0.000589738

0,True,False,0.02,0.2,Rot1,0,0,0.01500002,0.000589738

0,True,False,0.02,0.2,Rot1,0,0,0.01500002,0.000589738

0,True,False,0.02,0.2,Rot1,0,0,0.01500002,0.000589738

0,True,False,0.02,0.2,Rot1,0,0,0.01500002,0.000589738

0,True,False,0.02,0.2,Rot1,0,0,0.01500002,0.000589738

0,True,False,0.02,0.2,Rot1,0,0,0.01500002,0.000589738

0,True,False,0.02,0.2,Rot1,0,0,0.01500002,0.000589738

0,True,False,0.02,0.2,Rot1,0,0,0.01500002,0.000589738

0,True,False,0.02,0.2,Rot1,0,0,0.01500002,0.000589738

0,True,False,0.02,0.2,Rot1,0,0,0.01500002,0.000589738

0,True,False,0.02,0.2,Rot1,0,0,0.01500002,0.000589738

0,True,False,0.02,0.2,Rot1,0,0,0.01500002,0.000589738

0,True,False,0.02,0.2,Rot1,0,0,0.01500002,0.000589738

0,True,False,0.02,0.2,Rot1,0,0,0.01500002,0.000589738

0,True,False,0.02,0.2,Rot1,0,0,0.01500002,0.000589738

0,True,False,0.02,0.2,Rot1,0,0,0.01500002,0.000589738

0,True,False,0.02,0.2,Rot1,0,0,0.01500002,0.000589738

0,True,False,0.02,0.2,Rot1,0,0,0.01500002,0.000589738

0,True,False,0.02,0.2,Rot1,0,0,0.01500002,0.000589738

0,True,False,0.02,0.2,Rot1,0,0,0.01500002,0.000589738

0,True,False,0.02,0.2,Rot1,0,0,0.01500002,0.000589738

0,True,False,0.02,0.2,Rot1,0,0,0.01500002,0.000589738

0,True,False,0.02,0.2,Rot1,0,0,0.01500002,0.000589738

0,True,False,0.02,0.2,Rot1,0,0,0.01500002,0.000589738

0,True,False,0.02,0.2,Rot1,0,0,0.01500002,0.000589738

0,True,False,0.02,0.2,Rot1,0,0,0.01500002,0.000589738

0,True,False,0.02,0.2,Rot1,0,0,0.01500002,0.000589738

0,True,False,0.02,0.2,Rot1,0,0,0.01500002,0.000589738

0,True,False,0.02,0.2,Rot1,0,0,0.01500002,0.000589738

0,True,False,0.02,0.2,Rot1,0,0,0.01500002,0.000589738

0,True,False,0.02,0.2,Rot1,0,0,0.01500002,0.000589738

0,True,False,0.02,0.2,Rot1,0,0,0.01500002,0.000589738

0,True,False,0.02,0.2,Rot1,0,0,0.01500002,0.000589738

0,True,False,0.02,0.2,Rot1,0,0,0.01500002,0.000589738

0,True,False,0.02,0.2,Rot1,0,0,0.01500002,0.000589738

0,True,False,0.02,0.2,Rot1,0,0,0.01500002,0.000589738

0,True,False,0.02,0.2,Rot1,0,0,0.01500002,0.000589738

0,True,False,0.02,0.2,Rot1,0,0,0.01500002,0.000589738

0,True,False,0.02,0.2,Rot1,0,0,0.01500002,0.000589738

0,True,False,0.02,0.2,Rot1,0,0,0.01500002,0.000589738

0,True,False,0.02,0.2,Rot1,0,0,0.01500002,0.000589738

0,True,False,0.02,0.2,Rot1,0,0,0.01500002,0.000589738

0,True,False,0.02,0.2,Rot1,0,0,0.01500002,0.000589738

0,True,False,0.02,0.2,Rot1,0,0,0.01500002,0.000589738

0,True,False,0.02,0.2,Rot1,0,0,0.01500002,0.000589738

0,True,False,0.02,0.2,Rot1,0,0,0.01500002,0.000589738

0,True,False,0.02,0.2,Rot1,0,0,0.01500002,0.000589738

0,True,False,0.02,0.2,Rot1,0,0,0.01500002,0.000589738

0,True,False,0.02,0.2,Rot1,0,0,0.01500002,0.000589738

0,True,False,0.02,0.2,Rot1,0,0,0.01500002,0.000589738

0,True,False,0.02,0.2,Rot1,0,0,0.01500002,0.000589738

0,True,False,0.02,0.2,Rot1,0,0,0.01500002,0.000589738

0,True,False,0.02,0.2,Rot1,0,0,0.01500002,0.000589738

0,True,False,0.02,0.2,Rot1,0,0,0.01500002,0.000589738

0,True,False,0.02,0.2,Rot1,0,0,0.01500002,0.000589738

0,True,False,0.02,0.2,Rot1,0,0,0.01500002,0.000589738

0,True,False,0.02,0.2,Rot1,0,0,0.01500002,0.000589738

0,True,False,0.02,0.2,Rot1,0,0,0.01500002,0.000589738

0,True,False,0.02,0.2,Rot1,0,0,0.01500002,0.000589738

0,True,False,0.02,0.2,Rot1,0,0,0.01500002,0.000589738

0,True,False,0.02,0.2,Rot1,0,0,0.01500002,0.000589738

0,True,False,0.02,0.2,Rot1,0,0,0.01500002,0.000589738

0,True,False,0.02,0.2,Rot1,0,0,0.01500002,0.000589738

0,True,False,0.02,0.2,Rot1,0,0,0.01500002,0.000589738

0,True,False,0.02,0.2,Rot1,0,0,0.01500002,0.000589738

0,True,False,0.02,0.2,Rot1,0,0,0.01500002,0.000589738

0,True,False,0.02,0.2,Rot1,0,0,0.01500002,0.000589738

0,True,False,0.02,0.2,Rot1,0,0,0.01500002,0.000589738

0,True,False,0.02,0.2,Rot1,0,0,0.01500002,0.000589738

0,True,False,0.02,0.2,Rot1,0,0,0.01500002,0.000589738

0,True,False,0.02,0.2,Rot1,0,0,0.01500002,0.000589738

0,True,False,0.02,0.2,Rot1,0,0,0.01500002,0.000589738

0,True,False,0.02,0.2,Rot1,0,0,0.01500002,0.000589738

0,True,False,0.02,0.2,Rot1,0,0,0.01500002,0.000589738

0,True,False,0.02,0.2,Rot1,0,0,0.01500002,0.000589738

0,True,False,0.02,0.2,Rot1,0,0,0.01500002,0.000589738

0,True,False,0.02,0.2,Rot1,0,0,0.01500002,0.000589738

0,True,False,0.02,0.2,Rot1,0,0,0.01500002,0.000589738

0,True,False,0.02,0.2,Rot1,0,0,0.01500002,0.000589738

0,True,False,0.02,0.2,Rot1,0,0,0.01500002,0.000589738

0,True,False,0.02,0.2,Rot1,0,0,0.01499999,0.000589619

0,True,False,0.02,0.2,Rot1,0,0,0.01500002,0.0005872347

0,True,False,0.02,0.2,Rot1,0,0,0.01500002,0.0004888868

0,True,False,0.02,0.2,Rot1,0,0,0.01500002,3.943285E-06

0,True,False,0.02,0.2,Rot1,0,0,0.01500002,-0.0001380352

0,True,False,0.02,0.2,Rot1,0,0,0.01500002,0.0002399768

0,True,False,0.02,0.2,Rot1,0,0,0.01500002,0.0004663541

0,True,False,0.02,0.2,Rot1,0,0,0.01500002,0.0006510104

0,True,False,0.02,0.2,Rot1,0,0,0.01500002,0.000809319

0,True,False,0.02,0.2,Rot1,0,0,0.01500002,0.0009749018

0,True,False,0.02,0.2,Rot1,0,0,0.01500002,0.001122601

0,True,False,0.02,0.2,Rot1,0,0,0.01500002,0.00131131

0,True,False,0.02,0.2,Rot1,0,0,0.01500002,0.001203067

0,True,False,0.02,0.2,Rot1,0,0,0.01500002,0.001100548

0,True,False,0.02,0.2,Rot1,0,0,0.01500002,0.0009410461

0,True,False,0.02,0.2,Rot1,0,0,0.01500002,0.0008372151

0,True,False,0.02,0.2,Rot1,0,0,0.01500002,0.0007422047

0,True,False,0.02,0.2,Rot1,0,0,0.01500002,0.0008025252

0,True,False,0.02,0.2,Rot1,0,0,0.01500002,0.0008909788

0,True,False,0.02,0.2,Rot1,0,0,0.01500002,0.0009986245

0,True,False,0.02,0.2,Rot1,0,0,0.01500002,0.001514086

0,True,False,0.02,0.2,Rot1,0,0,0.01500002,0.002006062

0,True,False,0.02,0.2,Rot1,0,0,0.01500002,0.002280719

0,True,False,0.02,0.2,Rot1,0,0,0.01500002,0.002560623

0,True,False,0.02,0.2,Rot1,0,0,0.01500002,0.002837786

0,True,False,0.02,0.2,Rot1,0,0,0.01471812,0.003354201

0,True,False,0.02,0.2,Rot1,0,0,0.01440144,0.003847129

0,True,False,0.02,0.2,Rot1,0,0,0.01393348,0.003962762

0,True,False,0.02,0.2,Rot1,0,0,0.01357365,0.004068144

0,True,False,0.02,0.2,Rot1,0,0,0.01318341,0.004179247

0,True,False,0.02,0.2,Rot1,0,0,0.01280492,0.004300364

0,True,False,0.02,0.2,Rot1,0,0,0.01258236,0.004312047

0,True,False,0.02,0.2,Rot1,0,0,0.0123617,0.004384645

0,True,False,0.02,0.2,Rot1,0,0,0.01221695,0.004540571

0,True,False,0.02,0.2,Rot1,0,0,0.01206878,0.004647024

0,True,False,0.02,0.2,Rot1,0,0,0.01186061,0.004815586

0,True,False,0.02,0.2,Rot1,0,0,0.01165032,0.004979618

0,True,False,0.02,0.2,Rot1,0,0,0.01150515,0.005081185

0,True,False,0.02,0.2,Rot1,0,0,0.01134801,0.00517226

0,True,False,0.02,0.2,Rot1,0,0,0.01116231,0.005204447

0,True,False,0.02,0.2,Rot1,0,0,0.011067,0.005218633

0,True,False,0.02,0.2,Rot1,0,0,0.01098051,0.005205877

0,True,False,0.02,0.2,Rot1,0,0,0.01089337,0.005189307

0,True,False,0.02,0.2,Rot1,0,0,0.01070133,0.00506819

0,True,False,0.02,0.2,Rot1,0,0,0.01039657,0.005098111

0,True,False,0.02,0.2,Rot1,0,0,0.0102902,0.005154021

0,True,False,0.02,0.2,Rot1,0,0,0.01006654,0.005288846

0,True,False,0.02,0.2,Rot1,0,0,0.0099484,0.005362875

0,True,False,0.02,0.2,Rot1,0,0,0.009824065,0.005438215

0,True,False,0.02,0.2,Rot1,0,0,0.009699819,0.005515344

0,True,False,0.02,0.2,Rot1,0,0,0.009548751,0.005591518

0,True,False,0.02,0.2,Rot1,0,0,0.009396938,0.00566817

0,True,False,0.02,0.2,Rot1,0,0,0.009222892,0.005782849

0,True,False,0.02,0.2,Rot1,0,0,0.009143022,0.005836374

0,True,False,0.02,0.2,Rot1,0,0,0.009091643,0.005846745

0,True,False,0.02,0.2,Rot1,0,0,0.009068337,0.00583244

0,True,False,0.02,0.2,Rot1,0,0,0.009069529,0.005808121

0,True,False,0.02,0.2,Rot1,0,0,0.009016451,0.005817539

0,True,False,0.02,0.2,Rot1,0,0,0.009057996,0.005824095

0,True,False,0.02,0.2,Rot1,0,0,0.009097991,0.005835778

0,True,False,0.02,0.2,Rot1,0,0,0.00908601,0.005838519

0,True,False,0.02,0.2,Rot1,0,0,0.009075549,0.005840904

0,True,False,0.02,0.2,Rot1,0,0,0.009191272,0.005701071

0,True,False,0.02,0.2,Rot1,0,0,0.009253976,0.005626923

0,True,False,0.02,0.2,Rot1,0,0,0.009287355,0.005590683

0,True,False,0.02,0.2,Rot1,0,0,0.00932419,0.005548364

0,True,False,0.02,0.2,Rot1,0,0,0.009259251,0.005370027

0,True,False,0.02,0.2,Rot1,0,0,0.009299753,0.005088455

0,True,False,0.02,0.2,Rot1,0,0,0.008665589,0.005991584

0,True,False,0.02,0.2,Rot1,0,0,0.008665589,0.005991584

0,True,False,0.02,0.2,Rot1,0,0,0.008665589,0.005991584

0,True,False,0.02,0.2,Rot1,0,0,0.008665589,0.005991584

0,True,False,0.02,0.2,Rot1,0,0,0.008665589,0.005991584

0,True,False,0.02,0.2,Rot1,0,0,0.008665589,0.005991584

0,True,False,0.02,0.2,Rot1,0,0,0.008665589,0.005991584

0,True,False,0.02,0.2,Rot1,0,0,0.008665589,0.005991584

0,True,False,0.02,0.2,Rot1,0,0,0.008665589,0.005991584

0,True,False,0.02,0.2,Rot1,0,0,0.008665589,0.005991584

0,True,False,0.02,0.2,Rot1,0,0,0.008665589,0.005991584

0,True,False,0.02,0.2,Rot1,0,0,0.008665589,0.005991584

0,True,False,0.02,0.2,Rot1,0,0,0.008665589,0.005991584

0,True,False,0.02,0.2,Rot1,0,0,0.008665589,0.005991584

0,True,False,0.02,0.2,Rot1,0,0,0.008665589,0.005991584

0,True,False,0.02,0.2,Rot1,0,0,0.008665589,0.005991584

0,True,False,0.02,0.2,Rot1,0,0,0.008665589,0.005991584

0,True,False,0.02,0.2,Rot1,0,0,0.008665589,0.005991584

0,True,False,0.02,0.2,Rot1,0,0,0.008665589,0.005991584

0,True,False,0.02,0.2,Rot1,0,0,0.008665589,0.005991584

0,True,False,0.02,0.2,Rot1,0,0,0.008665589,0.005991584

0,True,False,0.02,0.2,Rot1,0,0,0.008665589,0.005991584

0,True,False,0.02,0.2,Rot1,0,0,0.008665589,0.005991584

0,True,False,0.02,0.2,Rot1,0,0,0.008665589,0.005991584

0,True,False,0.02,0.2,Rot1,0,0,0.008665589,0.005991584

0,True,False,0.02,0.2,Rot1,0,0,0.008665589,0.005991584

0,True,False,0.02,0.2,Rot1,0,0,0.008665589,0.005991584

0,True,False,0.02,0.2,Rot1,0,0,0.008665589,0.005991584

0,True,False,0.02,0.2,Rot1,0,0,0.008665589,0.005991584

0,True,False,0.02,0.2,Rot1,0,0,0.008665589,0.005991584

0,True,False,0.02,0.2,Rot1,0,0,0.008665589,0.005991584

0,True,False,0.02,0.2,Rot1,0,0,0.008665589,0.005991584

0,True,False,0.02,0.2,Rot1,0,0,0.008665589,0.005991584

0,True,False,0.02,0.2,Rot1,0,0,0.008665589,0.005991584

0,True,False,0.02,0.2,Rot1,0,0,0.008665589,0.005991584

0,True,False,0.02,0.2,Rot1,0,0,0.008665589,0.005991584

0,True,False,0.02,0.2,Rot1,0,0,0.008665589,0.005991584

0,True,False,0.02,0.2,Rot1,0,0,0.008665589,0.005991584

0,True,False,0.02,0.2,Rot1,0,0,0.008665589,0.005991584

0,True,False,0.02,0.2,Rot1,0,0,0.008665589,0.005991584

0,True,False,0.02,0.2,Rot1,0,0,0.008665589,0.005991584

0,True,False,0.02,0.2,Rot1,0,0,0.008665589,0.005991584

0,True,False,0.02,0.2,Rot1,0,0,0.008665589,0.005991584

0,True,False,0.02,0.2,Rot1,0,0,0.008665589,0.005991584

0,True,False,0.02,0.2,Rot1,0,0,0.008665589,0.005991584

0,True,False,0.02,0.2,Rot1,0,0,0.008665589,0.005991584

0,True,False,0.02,0.2,Rot1,0,0,0.008665589,0.005991584

0,True,False,0.02,0.2,Rot1,0,0,0.008665589,0.005991584

0,True,False,0.02,0.2,Rot1,0,0,0.008665589,0.005991584

0,True,False,0.02,0.2,Rot1,0,0,0.008665589,0.005991584

0,True,False,0.02,0.2,Rot1,0,0,0.008665589,0.005991584

0,True,False,0.02,0.2,Rot1,0,0,0.008665589,0.005991584

0,True,False,0.02,0.2,Rot1,0,0,0.008665589,0.005991584

0,True,False,0.02,0.2,Rot1,0,0,0.008665589,0.005991584

0,True,False,0.02,0.2,Rot1,0,0,0.008665589,0.005991584

0,True,False,0.02,0.2,Rot1,0,0,0.008665589,0.005991584

0,True,False,0.02,0.2,Rot1,0,0,0.008665589,0.005991584

0,True,False,0.02,0.2,Rot1,0,0,0.008665589,0.005991584

0,True,False,0.02,0.2,Rot1,0,0,0.008665589,0.005991584

0,True,False,0.02,0.2,Rot1,0,0,0.008665589,0.005991584

0,True,False,0.02,0.2,Rot1,0,0,0.008665589,0.005991584

0,True,False,0.02,0.2,Rot1,0,0,0.008665589,0.005991584

0,True,False,0.02,0.2,Rot1,0,0,0.008665589,0.005991584

0,True,False,0.02,0.2,Rot1,0,0,0.008665589,0.005991584

0,True,False,0.02,0.2,Rot1,0,0,0.008665589,0.005991584

0,True,False,0.02,0.2,Rot1,0,0,0.008665589,0.005991584

0,True,False,0.02,0.2,Rot1,0,0,0.008665589,0.005991584

0,True,False,0.02,0.2,Rot1,0,0,0.008665589,0.005991584

0,True,False,0.02,0.2,Rot1,0,0,0.008665589,0.005991584

0,True,False,0.02,0.2,Rot1,0,0,0.008665589,0.005991584

0,True,False,0.02,0.2,Rot1,0,0,0.008665589,0.005991584

0,True,False,0.02,0.2,Rot1,0,0,0.008665589,0.005991584

0,True,False,0.02,0.2,Rot1,0,0,0.008665589,0.005991584

0,True,False,0.02,0.2,Rot1,0,0,0.008665589,0.005991584

0,True,False,0.02,0.2,Rot1,0,0,0.008665589,0.005991584

0,True,False,0.02,0.2,Rot1,0,0,0.008665589,0.005991584

0,True,False,0.02,0.2,Rot1,0,0,0.008665589,0.005991584

0,True,False,0.02,0.2,Rot1,0,0,0.008665589,0.005991584

0,True,False,0.02,0.2,Rot1,0,0,0.008665589,0.005991584

0,True,False,0.02,0.2,Rot1,0,0,0.008665589,0.005991584

0,True,False,0.02,0.2,Rot1,0,0,0.008665589,0.005991584

0,True,False,0.02,0.2,Rot1,0,0,0.008665589,0.005991584

0,True,False,0.02,0.2,Rot1,0,0,0.008665589,0.005991584

0,True,False,0.02,0.2,Rot1,0,0,0.008665589,0.005991584

0,True,False,0.02,0.2,Rot1,0,0,0.008665589,0.005991584

0,True,False,0.02,0.2,Rot1,0,0,0.008665589,0.005991584

0,True,False,0.02,0.2,Rot1,0,0,0.008665589,0.005991584

0,True,False,0.02,0.2,Rot1,0,0,0.008665589,0.005991584

0,True,False,0.02,0.2,Rot1,0,0,0.008665589,0.005991584

0,True,False,0.02,0.2,Rot1,0,0,0.008665589,0.005991584

0,True,False,0.02,0.2,Rot1,0,0,0.008665589,0.005991584

0,True,False,0.02,0.2,Rot1,0,0,0.008665589,0.005991584

0,True,False,0.02,0.2,Rot1,0,0,0.008665589,0.005991584

0,True,False,0.02,0.2,Rot1,0,0,0.008665589,0.005991584

0,True,False,0.02,0.2,Rot1,0,0,0.008665589,0.005991584

0,True,False,0.02,0.2,Rot1,0,0,0.008665589,0.005991584

0,True,False,0.02,0.2,Rot1,0,0,0.008665589,0.005991584

0,True,False,0.02,0.2,Rot1,0,0,0.008665589,0.005991584

0,True,False,0.02,0.2,Rot1,0,0,0.008665589,0.005991584

0,True,False,0.02,0.2,Rot1,0,0,0.008665589,0.005991584

0,True,False,0.02,0.2,Rot1,0,0,0.008665589,0.005991584

0,True,False,0.02,0.2,Rot1,0,0,0.008665589,0.005991584

0,True,False,0.02,0.2,Rot1,0,0,0.008665589,0.005991584

0,True,False,0.02,0.2,Rot1,0,0,0.008665589,0.005991584

0,True,False,0.02,0.2,Rot1,0,0,0.008665589,0.005991584

0,True,False,0.02,0.2,Rot1,0,0,0.008665589,0.005991584

0,True,False,0.02,0.2,Rot1,0,0,0.008665589,0.005991584

0,True,False,0.02,0.2,Rot1,0,0,0.008665589,0.005991584

0,True,False,0.02,0.2,Rot1,0,0,0.008665589,0.005991584

0,True,False,0.02,0.2,Rot1,0,0,0.008665618,0.005991584

0,True,False,0.02,0.2,Rot1,0,0,0.008772518,0.005981809

0,True,False,0.02,0.2,Rot1,0,0,0.009283658,0.005834348

0,True,False,0.02,0.2,Rot1,0,0,0.01015603,0.004887826

0,True,False,0.02,0.2,Rot1,0,0,0.009422747,0.004281051

0,True,False,0.02,0.2,Rot1,0,0,0.005506007,0.004134778

0,True,False,0.02,0.2,Rot1,0,0,0.001644429,0.005333663

