PID,PathType,Width,Length,Depth,Width_P,Length_P,Rotation,Rep,PointIndex,BoardX,BoardY,BoardZ,WorldX,WorldY,WorldZ
17,2,2,25,4,0.1396,1.773552,RL,0,0,0.01131693,-0.001000199,0.2748396,0.2777403,1.896175,3.853175
17,2,2,25,4,0.1396,1.773552,RL,0,1,0.02170184,-0.001000199,0.2784454,0.2673554,1.899781,3.853175
17,2,2,25,4,0.1396,1.773552,RL,0,2,0.03232905,-0.0010002,0.2843173,0.2567282,1.905653,3.853175
17,2,2,25,4,0.1396,1.773552,RL,0,3,0.04176839,-0.001000201,0.2910465,0.2472889,1.912382,3.853175
17,2,2,25,4,0.1396,1.773552,RL,0,4,0.05018407,-0.001000201,0.2980117,0.2388732,1.919347,3.853175
17,2,2,25,4,0.1396,1.773552,RL,0,5,0.06438215,-0.001000202,0.2984266,0.2246751,1.919762,3.853175
17,2,2,25,4,0.1396,1.773552,RL,0,6,0.074745,-0.001000201,0.2977291,0.2143123,1.919065,3.853175
17,2,2,25,4,0.1396,1.773552,RL,0,7,0.08560675,-0.001000201,0.2934475,0.2034505,1.914783,3.853175
17,2,2,25,4,0.1396,1.773552,RL,0,8,0.1016542,-0.0010002,0.2872394,0.1874031,1.908575,3.853175
17,2,2,25,4,0.1396,1.773552,RL,0,9,0.1099704,-0.001000199,0.278129,0.1790869,1.899464,3.853175
17,2,2,25,4,0.1396,1.773552,RL,0,10,0.1192857,-0.001000199,0.273026,0.1697716,1.894361,3.853175
17,2,2,25,4,0.1396,1.773552,RL,0,11,0.1392912,-0.001000198,0.2702136,0.1497661,1.891549,3.853175
17,2,2,25,4,0.1396,1.773552,RL,0,12,0.1557156,-0.001000197,0.26473,0.1333417,1.886065,3.853175
17,2,2,25,4,0.1396,1.773552,RL,0,13,0.1675457,-0.001000197,0.2613189,0.1215116,1.882654,3.853175
17,2,2,25,4,0.1396,1.773552,RL,0,14,0.1822951,-0.001000196,0.2534418,0.1067621,1.874777,3.853175
17,2,2,25,4,0.1396,1.773552,RL,0,15,0.1925426,-0.001000195,0.2429634,0.09651463,1.864299,3.853175
17,2,2,25,4,0.1396,1.773552,RL,0,16,0.2014255,-0.001000194,0.2379894,0.08763175,1.859325,3.853175
17,2,2,25,4,0.1396,1.773552,RL,0,17,0.213864,-0.001000194,0.2324613,0.07519324,1.853797,3.853175
17,2,2,25,4,0.1396,1.773552,RL,0,18,0.2348212,-0.001000192,0.2224096,0.05423602,1.843745,3.853175
17,2,2,25,4,0.1396,1.773552,RL,0,19,0.2443523,-0.001000191,0.2141676,0.04470491,1.835503,3.853175
17,2,2,25,4,0.1396,1.773552,RL,0,20,0.2549194,-0.001000191,0.2057905,0.03413785,1.827126,3.853175
17,2,2,25,4,0.1396,1.773552,RL,0,21,0.2714932,-0.001000189,0.192867,0.01756403,1.814202,3.853175
17,2,2,25,4,0.1396,1.773552,RL,0,22,0.2786137,-0.001000188,0.1840606,0.01044351,1.805396,3.853175
17,2,2,25,4,0.1396,1.773552,RL,0,23,0.2837167,-0.001000185,0.1630583,0.005340517,1.784394,3.853175
17,2,2,25,4,0.1396,1.773552,RL,0,24,0.2911112,-0.001000184,0.1539365,-0.002053976,1.775272,3.853175
17,2,2,25,4,0.1396,1.773552,RL,0,25,0.295922,-0.001000183,0.1408762,-0.006864697,1.762212,3.853175
17,2,2,25,4,0.1396,1.773552,RL,0,26,0.2943463,-0.001000182,0.1304638,-0.005289048,1.751799,3.853175
17,2,2,25,4,0.1396,1.773552,RL,0,27,0.2986426,-0.001000179,0.1052418,-0.009585321,1.726577,3.853175
17,2,2,25,4,0.1396,1.773552,RL,0,28,0.2980627,-0.001000177,0.09345937,-0.009005487,1.714795,3.853175
17,2,2,25,4,0.1396,1.773552,RL,0,29,0.2952363,-0.001000174,0.06987512,-0.006179094,1.691211,3.853175
17,2,2,25,4,0.1396,1.773552,RL,0,30,0.2998781,-0.001000173,0.06019437,-0.01082084,1.68153,3.853175
17,2,2,25,4,0.1396,1.773552,RL,0,31,0.302638,-0.001000172,0.04973602,-0.01358074,1.671071,3.853175
17,2,2,25,4,0.1396,1.773552,RL,0,32,0.3043219,-0.001000169,0.02878392,-0.01526466,1.650119,3.853175
17,2,2,25,4,0.1396,1.773552,RL,0,33,0.3084348,-0.001000168,0.01920438,-0.01937756,1.64054,3.853175
17,2,2,25,4,0.1396,1.773552,RL,0,34,0.3002166,-0.001000166,0.0003516673,-0.01115936,1.621687,3.853175
17,2,2,25,4,0.1396,1.773552,RL,0,35,0.292985,-0.0009999265,-0.009232283,-0.003927767,1.612103,3.853175
17,2,2,25,4,0.1396,1.773552,RL,0,36,0.2885207,-0.0009999234,-0.0340066,0.000536561,1.587329,3.853175
17,2,2,25,4,0.1396,1.773552,RL,0,37,0.2816472,-0.0009999225,-0.04244626,0.007410049,1.578889,3.853175
17,2,2,25,4,0.1396,1.773552,RL,0,38,0.2786696,-0.000999921,-0.05463433,0.01038766,1.566701,3.853175
17,2,2,25,4,0.1396,1.773552,RL,0,39,0.2797074,-0.0009999182,-0.07859409,0.009349823,1.542741,3.853175
17,2,2,25,4,0.1396,1.773552,RL,0,40,0.2774933,-0.0009999165,-0.09261692,0.01156399,1.528718,3.853175
17,2,2,25,4,0.1396,1.773552,RL,0,41,0.2737839,-0.0009999147,-0.1069676,0.01527339,1.514368,3.853175
17,2,2,25,4,0.1396,1.773552,RL,0,42,0.2663168,-0.0009999137,-0.1166939,0.02274042,1.504642,3.853175
17,2,2,25,4,0.1396,1.773552,RL,0,43,0.2626919,-0.0009999122,-0.1285475,0.02636531,1.492788,3.853175
17,2,2,25,4,0.1396,1.773552,RL,0,44,0.2555959,-0.0009999109,-0.1392764,0.03346133,1.482059,3.853175
17,2,2,25,4,0.1396,1.773552,RL,0,45,0.2464284,-0.0009999095,-0.1510857,0.0426289,1.47025,3.853175
17,2,2,25,4,0.1396,1.773552,RL,0,46,0.2397878,-0.0009999082,-0.1622399,0.04926944,1.459095,3.853175
17,2,2,25,4,0.1396,1.773552,RL,0,47,0.2363801,-0.0009999067,-0.1750671,0.05267711,1.446268,3.853175
17,2,2,25,4,0.1396,1.773552,RL,0,48,0.2309163,-0.0009999052,-0.1876787,0.05814099,1.433657,3.853175
17,2,2,25,4,0.1396,1.773552,RL,0,49,0.221352,-0.0009999047,-0.1914899,0.06770524,1.429845,3.853175
17,2,2,25,4,0.1396,1.773552,RL,0,50,0.2096229,-0.0009999048,-0.1901041,0.07943437,1.431231,3.853175
17,2,2,25,4,0.1396,1.773552,RL,0,51,0.1936637,-0.0009999044,-0.1939561,0.09539352,1.427379,3.853175
17,2,2,25,4,0.1396,1.773552,RL,0,52,0.1808666,-0.0009999039,-0.1978374,0.1081907,1.423498,3.853175
17,2,2,25,4,0.1396,1.773552,RL,0,53,0.1609633,-0.0009999037,-0.2006675,0.1280939,1.420668,3.853175
17,2,2,25,4,0.1396,1.773552,RL,0,54,0.1490211,-0.0009999028,-0.2067198,0.1400361,1.414616,3.853175
17,2,2,25,4,0.1396,1.773552,RL,0,55,0.1406419,-0.0009999021,-0.2128121,0.1484154,1.408523,3.853175
17,2,2,25,4,0.1396,1.773552,RL,0,56,0.1293692,-0.0009999016,-0.2180839,0.1596881,1.403252,3.853175
17,2,2,25,4,0.1396,1.773552,RL,0,57,0.1171856,-0.0009999009,-0.223266,0.1718717,1.398069,3.853175
17,2,2,25,4,0.1396,1.773552,RL,0,58,0.0988051,-0.0009998996,-0.2348355,0.1902522,1.3865,3.853175
17,2,2,25,4,0.1396,1.773552,RL,0,59,0.0838334,-0.0009998983,-0.2449591,0.2052239,1.376376,3.853175
17,2,2,25,4,0.1396,1.773552,RL,0,60,0.07088175,-0.0009998976,-0.2508216,0.2181755,1.370514,3.853175
17,2,2,25,4,0.1396,1.773552,RL,0,61,0.05925056,-0.0009998968,-0.2582619,0.2298067,1.363073,3.853175
17,2,2,25,4,0.1396,1.773552,RL,0,62,0.04528506,-0.0009998959,-0.2652327,0.2437722,1.356103,3.853175
17,2,2,25,4,0.1396,1.773552,RL,0,63,0.03412211,-0.0009998953,-0.2702383,0.2549351,1.351097,3.853175
17,2,2,25,4,0.1396,1.773552,RL,0,64,0.02192572,-0.0009998959,-0.265877,0.2671315,1.355458,3.853175
17,2,2,25,4,0.1396,1.773552,RL,0,65,0.004877448,-0.0009998953,-0.2706112,0.2841798,1.350724,3.853175
17,2,2,25,4,0.1396,1.773552,RL,0,66,-0.009768128,-0.0009998947,-0.2752656,0.2988254,1.34607,3.853175
17,2,2,25,4,0.1396,1.773552,RL,0,67,-0.02339166,-0.0009998946,-0.2762886,0.3124489,1.345047,3.853175
17,2,2,25,4,0.1396,1.773552,RL,0,68,-0.03331339,-0.0009998948,-0.2742285,0.3223706,1.347107,3.853175
17,2,2,25,4,0.1396,1.773552,RL,0,69,-0.04394525,-0.0009998946,-0.2761631,0.3330025,1.345172,3.853175
17,2,2,25,4,0.1396,1.773552,RL,0,70,-0.04850364,-0.0009998957,-0.2664768,0.3375609,1.354859,3.853175
17,2,2,25,4,0.1396,1.773552,RL,0,71,-0.05881697,-0.0009998969,-0.2567226,0.3478742,1.364613,3.853175
17,2,2,25,4,0.1396,1.773552,RL,0,72,-0.06857747,-0.0009998977,-0.2499206,0.3576347,1.371415,3.853175
17,2,2,25,4,0.1396,1.773552,RL,0,73,-0.08407518,-0.0009998984,-0.2443091,0.3731324,1.377026,3.853175
17,2,2,25,4,0.1396,1.773552,RL,0,74,-0.1013439,-0.0009998986,-0.2424474,0.3904011,1.378888,3.853175
17,2,2,25,4,0.1396,1.773552,RL,0,75,-0.1146672,-0.0009998988,-0.2413007,0.4037245,1.380035,3.853175
17,2,2,25,4,0.1396,1.773552,RL,0,76,-0.1274354,-0.0009998986,-0.2421733,0.4164926,1.379162,3.853175
17,2,2,25,4,0.1396,1.773552,RL,0,77,-0.1369105,-0.0009998991,-0.2386584,0.4259677,1.382677,3.853175
17,2,2,25,4,0.1396,1.773552,RL,0,78,-0.1473663,-0.0009998995,-0.2354664,0.4364235,1.385869,3.853175
17,2,2,25,4,0.1396,1.773552,RL,0,79,-0.1533075,-0.0009999007,-0.2250105,0.4423648,1.396325,3.853175
17,2,2,25,4,0.1396,1.773552,RL,0,80,-0.1614262,-0.0009999024,-0.2113781,0.4504834,1.409957,3.853175
17,2,2,25,4,0.1396,1.773552,RL,0,81,-0.1716129,-0.0009999033,-0.2035871,0.4606702,1.417748,3.853175
17,2,2,25,4,0.1396,1.773552,RL,0,82,-0.1954579,-0.0009999044,-0.1941507,0.4845151,1.427185,3.853175
17,2,2,25,4,0.1396,1.773552,RL,0,83,-0.2050364,-0.0009999059,-0.1817364,0.4940937,1.439599,3.853175
17,2,2,25,4,0.1396,1.773552,RL,0,84,-0.2205132,-0.0009999073,-0.1698673,0.5095705,1.451468,3.853175
17,2,2,25,4,0.1396,1.773552,RL,0,85,-0.232578,-0.0009999083,-0.1607245,0.5216352,1.460611,3.853175
17,2,2,25,4,0.1396,1.773552,RL,0,86,-0.2350391,-0.0009999105,-0.1426196,0.5240963,1.478716,3.853175
17,2,2,25,4,0.1396,1.773552,RL,0,87,-0.2419639,-0.0009999124,-0.1267704,0.5310212,1.494565,3.853175
17,2,2,25,4,0.1396,1.773552,RL,0,88,-0.2481539,-0.0009999136,-0.1173053,0.5372111,1.50403,3.853175
17,2,2,25,4,0.1396,1.773552,RL,0,89,-0.2701991,-0.0009999146,-0.1081135,0.5592564,1.513222,3.853175
17,2,2,25,4,0.1396,1.773552,RL,0,90,-0.2918587,-0.0009999156,-0.1000357,0.5809159,1.5213,3.853175
17,2,2,25,4,0.1396,1.773552,RL,0,91,-0.2910258,-0.0009999168,-0.08995008,0.580083,1.531385,3.853175
17,2,2,25,4,0.1396,1.773552,RL,0,92,-0.288303,-0.0009999187,-0.07445419,0.5773603,1.546881,3.853175
17,2,2,25,4,0.1396,1.773552,RL,0,93,-0.2869769,-0.00099992,-0.06371737,0.5760342,1.557618,3.853175
17,2,2,25,4,0.1396,1.773552,RL,0,94,-0.289332,-0.0009999215,-0.05096936,0.5783893,1.570366,3.853175
17,2,2,25,4,0.1396,1.773552,RL,0,95,-0.2925589,-0.0009999226,-0.04148459,0.5816162,1.579851,3.853175
17,2,2,25,4,0.1396,1.773552,RL,0,96,-0.2948909,-0.0009999238,-0.03104973,0.5839481,1.590286,3.853175
17,2,2,25,4,0.1396,1.773552,RL,0,97,-0.2972696,-0.0009999253,-0.01863503,0.5863268,1.6027,3.853175
17,2,2,25,4,0.1396,1.773552,RL,0,98,-0.3034589,-0.0009999267,-0.006437898,0.5925161,1.614897,3.853175
17,2,2,25,4,0.1396,1.773552,RL,0,99,-0.3124979,-0.001000167,0.008028865,0.6015551,1.629364,3.853175
17,2,2,25,4,0.1396,1.773552,RL,0,100,-0.3174978,-0.001000168,0.01896405,0.6065551,1.640299,3.853175
17,2,2,25,4,0.1396,1.773552,RL,0,101,-0.3281281,-0.00100017,0.03127694,0.6171854,1.652612,3.853175
17,2,2,25,4,0.1396,1.773552,RL,0,102,-0.3307956,-0.001000171,0.04621589,0.6198528,1.667551,3.853175
17,2,2,25,4,0.1396,1.773552,RL,0,103,-0.3236607,-0.001000172,0.05473995,0.6127179,1.676075,3.853175
17,2,2,25,4,0.1396,1.773552,RL,0,104,-0.314135,-0.001000174,0.06401575,0.6031922,1.685351,3.853175
17,2,2,25,4,0.1396,1.773552,RL,0,105,-0.3069422,-0.001000175,0.07284284,0.5959995,1.694178,3.853175
17,2,2,25,4,0.1396,1.773552,RL,0,106,-0.2983573,-0.001000175,0.07847309,0.5874146,1.699808,3.853175
17,2,2,25,4,0.1396,1.773552,RL,0,107,-0.2855846,-0.001000176,0.08429849,0.5746418,1.705634,3.853175
17,2,2,25,4,0.1396,1.773552,RL,0,108,-0.274312,-0.001000177,0.09425914,0.5633693,1.715595,3.853175
17,2,2,25,4,0.1396,1.773552,RL,0,109,-0.2586906,-0.001000179,0.1052692,0.5477479,1.726605,3.853175
17,2,2,25,4,0.1396,1.773552,RL,0,110,-0.2488678,-0.001000179,0.1093463,0.537925,1.730682,3.853175
17,2,2,25,4,0.1396,1.773552,RL,0,111,-0.2417802,-0.00100018,0.1169598,0.5308374,1.738295,3.853175
17,2,2,25,4,0.1396,1.773552,RL,0,112,-0.2325796,-0.001000181,0.1269139,0.5216368,1.748249,3.853175
17,2,2,25,4,0.1396,1.773552,RL,0,113,-0.2241759,-0.001000182,0.1364578,0.5132332,1.757793,3.853175
17,2,2,25,4,0.1396,1.773552,RL,0,114,-0.217007,-0.001000184,0.1550995,0.5060642,1.776435,3.853175
17,2,2,25,4,0.1396,1.773552,RL,0,115,-0.2101983,-0.001000186,0.1657645,0.4992556,1.7871,3.853175
17,2,2,25,4,0.1396,1.773552,RL,0,116,-0.2031665,-0.001000187,0.1749856,0.4922237,1.796321,3.853175
17,2,2,25,4,0.1396,1.773552,RL,0,117,-0.1927943,-0.001000188,0.1886916,0.4818516,1.810027,3.853175
17,2,2,25,4,0.1396,1.773552,RL,0,118,-0.1824833,-0.001000191,0.2075758,0.4715405,1.828911,3.853175
17,2,2,25,4,0.1396,1.773552,RL,0,119,-0.1732571,-0.001000193,0.2235093,0.4623143,1.844845,3.853175
17,2,2,25,4,0.1396,1.773552,RL,0,120,-0.1667332,-0.001000194,0.2364918,0.4557904,1.857827,3.853175
17,2,2,25,4,0.1396,1.773552,RL,0,121,-0.1591888,-0.001000195,0.2456151,0.4482461,1.866951,3.853175
17,2,2,25,4,0.1396,1.773552,RL,0,122,-0.1436038,-0.001000195,0.2475152,0.4326611,1.868851,3.853175
17,2,2,25,4,0.1396,1.773552,RL,0,123,-0.1279103,-0.001000196,0.2493521,0.4169676,1.870687,3.853175
17,2,2,25,4,0.1396,1.773552,RL,0,124,-0.1168105,-0.001000196,0.2479225,0.4058678,1.869258,3.853175
17,2,2,25,4,0.1396,1.773552,RL,0,125,-0.1020724,-0.001000196,0.251768,0.3911297,1.873103,3.853175
17,2,2,25,4,0.1396,1.773552,RL,0,126,-0.083646,-0.001000196,0.2559224,0.3727033,1.877258,3.853175
17,2,2,25,4,0.1396,1.773552,RL,0,127,-0.07158554,-0.001000196,0.2537541,0.3606428,1.87509,3.853175
17,2,2,25,4,0.1396,1.773552,RL,0,128,-0.05738568,-0.001000195,0.2463443,0.3464429,1.86768,3.853175
17,2,2,25,4,0.1396,1.773552,RL,0,129,-0.04663035,-0.001000195,0.2472495,0.3356876,1.868585,3.853175
17,2,2,25,4,0.1396,1.773552,RL,0,130,-0.02052662,-0.001000196,0.2491639,0.3095839,1.870499,3.853175
17,2,2,25,4,0.1396,1.773552,RL,0,131,-0.006878555,-0.001000196,0.2509483,0.2959358,1.872284,3.853175
17,3,2,25,4,0.1396,1.773552,LR,0,0,-0.6262134,-0.01139211,-0.04272604,-0.3371562,1.578609,3.842783
17,3,2,25,4,0.1396,1.773552,LR,0,1,-0.6162519,-0.01139211,-0.05272937,-0.3271947,1.568606,3.842783
17,3,2,25,4,0.1396,1.773552,LR,0,2,-0.6041104,-0.01139211,-0.06331778,-0.3150531,1.558018,3.842783
17,3,2,25,4,0.1396,1.773552,LR,0,3,-0.5964347,-0.01139211,-0.07275546,-0.3073774,1.54858,3.842783
17,3,2,25,4,0.1396,1.773552,LR,0,4,-0.5901821,-0.01139211,-0.08135271,-0.3011248,1.539983,3.842783
17,3,2,25,4,0.1396,1.773552,LR,0,5,-0.5798302,-0.01139211,-0.09067535,-0.2907729,1.53066,3.842783
17,3,2,25,4,0.1396,1.773552,LR,0,6,-0.5654048,-0.01139211,-0.0941385,-0.2763475,1.527197,3.842783
17,3,2,25,4,0.1396,1.773552,LR,0,7,-0.5554155,-0.01139211,-0.09684932,-0.2663583,1.524486,3.842783
17,3,2,25,4,0.1396,1.773552,LR,0,8,-0.5443357,-0.0113921,-0.1026666,-0.2552784,1.518669,3.842783
17,3,2,25,4,0.1396,1.773552,LR,0,9,-0.5330217,-0.0113921,-0.1089767,-0.2439644,1.512359,3.842783
17,3,2,25,4,0.1396,1.773552,LR,0,10,-0.520478,-0.0113921,-0.111153,-0.2314208,1.510182,3.842783
17,3,2,25,4,0.1396,1.773552,LR,0,11,-0.5090178,-0.0113921,-0.1115614,-0.2199606,1.509774,3.842783
17,3,2,25,4,0.1396,1.773552,LR,0,12,-0.4943824,-0.0113921,-0.1140175,-0.2053251,1.507318,3.842783
17,3,2,25,4,0.1396,1.773552,LR,0,13,-0.4798143,-0.0113921,-0.1178759,-0.190757,1.503459,3.842783
17,3,2,25,4,0.1396,1.773552,LR,0,14,-0.4668938,-0.0113921,-0.1191683,-0.1778365,1.502167,3.842783
17,3,2,25,4,0.1396,1.773552,LR,0,15,-0.4567203,-0.0113921,-0.1217718,-0.167663,1.499564,3.842783
17,3,2,25,4,0.1396,1.773552,LR,0,16,-0.4462334,-0.0113921,-0.1223671,-0.1571762,1.498968,3.842783
17,3,2,25,4,0.1396,1.773552,LR,0,17,-0.4338778,-0.0113921,-0.1224446,-0.1448205,1.498891,3.842783
17,3,2,25,4,0.1396,1.773552,LR,0,18,-0.421623,-0.0113921,-0.1237854,-0.1325658,1.49755,3.842783
17,3,2,25,4,0.1396,1.773552,LR,0,19,-0.4078654,-0.0113921,-0.1219256,-0.1188081,1.49941,3.842783
17,3,2,25,4,0.1396,1.773552,LR,0,20,-0.391672,-0.0113921,-0.1157937,-0.1026147,1.505542,3.842783
17,3,2,25,4,0.1396,1.773552,LR,0,21,-0.3787954,-0.0113921,-0.111972,-0.08973813,1.509363,3.842783
17,3,2,25,4,0.1396,1.773552,LR,0,22,-0.3627676,-0.0113921,-0.1059772,-0.07371038,1.515358,3.842783
17,3,2,25,4,0.1396,1.773552,LR,0,23,-0.3467948,-0.0113921,-0.09853089,-0.05773756,1.522804,3.842783
17,3,2,25,4,0.1396,1.773552,LR,0,24,-0.3311508,-0.01139211,-0.09427321,-0.04209352,1.527062,3.842783
17,3,2,25,4,0.1396,1.773552,LR,0,25,-0.321145,-0.01139211,-0.09219718,-0.03208774,1.529138,3.842783
17,3,2,25,4,0.1396,1.773552,LR,0,26,-0.3118969,-0.01139211,-0.08722842,-0.02283964,1.534107,3.842783
17,3,2,25,4,0.1396,1.773552,LR,0,27,-0.3034664,-0.01139211,-0.08154154,-0.01440915,1.539794,3.842783
17,3,2,25,4,0.1396,1.773552,LR,0,28,-0.2906743,-0.01139211,-0.07438076,-0.001617074,1.546955,3.842783
17,3,2,25,4,0.1396,1.773552,LR,0,29,-0.2771646,-0.01139211,-0.06904972,0.01189262,1.552286,3.842783
17,3,2,25,4,0.1396,1.773552,LR,0,30,-0.2662539,-0.01139211,-0.06473041,0.0228034,1.556605,3.842783
17,3,2,25,4,0.1396,1.773552,LR,0,31,-0.2505823,-0.01139211,-0.05999446,0.03847492,1.561341,3.842783
17,3,2,25,4,0.1396,1.773552,LR,0,32,-0.235013,-0.01139211,-0.04765689,0.05404425,1.573678,3.842783
17,3,2,25,4,0.1396,1.773552,LR,0,33,-0.2194012,-0.01139211,-0.03969455,0.06965604,1.581641,3.842783
17,3,2,25,4,0.1396,1.773552,LR,0,34,-0.2054766,-0.01139211,-0.02815414,0.08358067,1.593181,3.842783
17,3,2,25,4,0.1396,1.773552,LR,0,35,-0.190348,-0.01139211,-0.02094031,0.09870926,1.600395,3.842783
17,3,2,25,4,0.1396,1.773552,LR,0,36,-0.1778239,-0.01139211,-0.01249516,0.1112334,1.60884,3.842783
17,3,2,25,4,0.1396,1.773552,LR,0,37,-0.1656604,-0.01139212,-0.009220005,0.1233969,1.612115,3.842783
17,3,2,25,4,0.1396,1.773552,LR,0,38,-0.1572373,-0.01139235,-0.003181459,0.13182,1.618154,3.842782
17,3,2,25,4,0.1396,1.773552,LR,0,39,-0.1467386,-0.01139236,0.006730913,0.1423187,1.628066,3.842782
17,3,2,25,4,0.1396,1.773552,LR,0,40,-0.1330896,-0.01139236,0.01109421,0.1559677,1.63243,3.842782
17,3,2,25,4,0.1396,1.773552,LR,0,41,-0.1216431,-0.01139236,0.0173037,0.1674142,1.638639,3.842782
17,3,2,25,4,0.1396,1.773552,LR,0,42,-0.1113751,-0.01139236,0.02401316,0.1776821,1.645349,3.842782
17,3,2,25,4,0.1396,1.773552,LR,0,43,-0.1007864,-0.01139236,0.03033507,0.1882709,1.65167,3.842782
17,3,2,25,4,0.1396,1.773552,LR,0,44,-0.08875108,-0.01139236,0.03846848,0.2003062,1.659804,3.842782
17,3,2,25,4,0.1396,1.773552,LR,0,45,-0.07880932,-0.01139236,0.04449737,0.2102479,1.665833,3.842782
17,3,2,25,4,0.1396,1.773552,LR,0,46,-0.06890291,-0.01139236,0.04884481,0.2201543,1.67018,3.842782
17,3,2,25,4,0.1396,1.773552,LR,0,47,-0.05933271,-0.01139236,0.05486,0.2297245,1.676195,3.842782
17,3,2,25,4,0.1396,1.773552,LR,0,48,-0.04925859,-0.01139236,0.0585469,0.2397987,1.679882,3.842782
17,3,2,25,4,0.1396,1.773552,LR,0,49,-0.03920668,-0.01139236,0.06086886,0.2498506,1.682204,3.842782
17,3,2,25,4,0.1396,1.773552,LR,0,50,-0.02248737,-0.01139236,0.06249595,0.2665699,1.683831,3.842782
17,3,2,25,4,0.1396,1.773552,LR,0,51,-0.002757132,-0.01139236,0.07576263,0.2863001,1.697098,3.842782
17,3,2,25,4,0.1396,1.773552,LR,0,52,0.01199594,-0.01139237,0.08550537,0.3010532,1.706841,3.842782
17,3,2,25,4,0.1396,1.773552,LR,0,53,0.02152511,-0.01139237,0.09135079,0.3105824,1.712686,3.842782
17,3,2,25,4,0.1396,1.773552,LR,0,54,0.03830892,-0.01139237,0.1011801,0.3273662,1.722515,3.842782
17,3,2,25,4,0.1396,1.773552,LR,0,55,0.0491603,-0.01139237,0.1041776,0.3382176,1.725513,3.842782
17,3,2,25,4,0.1396,1.773552,LR,0,56,0.06564781,-0.01139237,0.102399,0.3547051,1.723734,3.842782
17,3,2,25,4,0.1396,1.773552,LR,0,57,0.07534879,-0.01139237,0.1053011,0.364406,1.726637,3.842782
17,3,2,25,4,0.1396,1.773552,LR,0,58,0.09081414,-0.01139237,0.1088437,0.3798714,1.730179,3.842782
17,3,2,25,4,0.1396,1.773552,LR,0,59,0.1019486,-0.01139237,0.1133262,0.3910059,1.734662,3.842782
17,3,2,25,4,0.1396,1.773552,LR,0,60,0.1121654,-0.01139237,0.1179278,0.4012227,1.739263,3.842782
17,3,2,25,4,0.1396,1.773552,LR,0,61,0.127846,-0.01139237,0.1203775,0.4169032,1.741713,3.842782
17,3,2,25,4,0.1396,1.773552,LR,0,62,0.1388051,-0.01139237,0.1202344,0.4278623,1.74157,3.842782
17,3,2,25,4,0.1396,1.773552,LR,0,63,0.1494498,-0.01139237,0.1204345,0.4385071,1.74177,3.842782
17,3,2,25,4,0.1396,1.773552,LR,0,64,0.1664427,-0.01139237,0.1208574,0.4555,1.742193,3.842782
17,3,2,25,4,0.1396,1.773552,LR,0,65,0.1793831,-0.01139237,0.1169261,0.4684404,1.738261,3.842782
17,3,2,25,4,0.1396,1.773552,LR,0,66,0.1972202,-0.01139237,0.1107035,0.4862775,1.732039,3.842782
17,3,2,25,4,0.1396,1.773552,LR,0,67,0.2102111,-0.01139237,0.1070292,0.4992684,1.728365,3.842782
17,3,2,25,4,0.1396,1.773552,LR,0,68,0.2233871,-0.01139237,0.1001065,0.5124444,1.721442,3.842782
17,3,2,25,4,0.1396,1.773552,LR,0,69,0.2373296,-0.01139237,0.09015167,0.5263869,1.711487,3.842782
17,3,2,25,4,0.1396,1.773552,LR,0,70,0.2499642,-0.01139236,0.08202243,0.5390214,1.703358,3.842782
17,3,2,25,4,0.1396,1.773552,LR,0,71,0.2633448,-0.01139236,0.07782602,0.552402,1.699161,3.842782
17,3,2,25,4,0.1396,1.773552,LR,0,72,0.275555,-0.01139236,0.07456839,0.5646123,1.695904,3.842782
17,3,2,25,4,0.1396,1.773552,LR,0,73,0.2900536,-0.01139236,0.06920314,0.5791109,1.690539,3.842782
17,3,2,25,4,0.1396,1.773552,LR,0,74,0.299804,-0.01139236,0.06610179,0.5888612,1.687437,3.842782
17,3,2,25,4,0.1396,1.773552,LR,0,75,0.316823,-0.01139236,0.06229389,0.6058803,1.683629,3.842782
17,3,2,25,4,0.1396,1.773552,LR,0,76,0.3263355,-0.01139236,0.05554688,0.6153927,1.676882,3.842782
17,3,2,25,4,0.1396,1.773552,LR,0,77,0.3386875,-0.01139236,0.04706585,0.6277448,1.668401,3.842782
17,3,2,25,4,0.1396,1.773552,LR,0,78,0.3511021,-0.01139236,0.03974879,0.6401594,1.661084,3.842782
17,3,2,25,4,0.1396,1.773552,LR,0,79,0.3667591,-0.01139236,0.03022075,0.6558163,1.651556,3.842782
17,3,2,25,4,0.1396,1.773552,LR,0,80,0.3817469,-0.01139236,0.02324366,0.6708041,1.644579,3.842782
17,3,2,25,4,0.1396,1.773552,LR,0,81,0.3939122,-0.01139236,0.01790094,0.6829695,1.639236,3.842782
17,3,2,25,4,0.1396,1.773552,LR,0,82,0.4107179,-0.01139236,0.01294947,0.6997752,1.634285,3.842782
17,3,2,25,4,0.1396,1.773552,LR,0,83,0.4291764,-0.01139235,0.002524255,0.7182337,1.62386,3.842782
17,3,2,25,4,0.1396,1.773552,LR,0,84,0.4377406,-0.01139212,-0.008906485,0.7267978,1.612429,3.842783
17,3,2,25,4,0.1396,1.773552,LR,0,85,0.4412979,-0.01139211,-0.02097273,0.7303551,1.600363,3.842783
17,3,2,25,4,0.1396,1.773552,LR,0,86,0.4450884,-0.01139211,-0.03364074,0.7341457,1.587695,3.842783
17,3,2,25,4,0.1396,1.773552,LR,0,87,0.4519194,-0.01139211,-0.04329705,0.7409767,1.578038,3.842783
17,3,2,25,4,0.1396,1.773552,LR,0,88,0.4638188,-0.01139211,-0.04938149,0.752876,1.571954,3.842783
17,3,2,25,4,0.1396,1.773552,LR,0,89,0.476557,-0.01139211,-0.05873168,0.7656143,1.562604,3.842783
17,3,2,25,4,0.1396,1.773552,LR,0,90,0.4854345,-0.01139211,-0.06372881,0.7744918,1.557607,3.842783
17,3,2,25,4,0.1396,1.773552,LR,0,91,0.5022294,-0.01139211,-0.07247806,0.7912866,1.548857,3.842783
17,3,2,25,4,0.1396,1.773552,LR,0,92,0.5144644,-0.01139211,-0.0801692,0.8035216,1.541166,3.842783
17,3,2,25,4,0.1396,1.773552,LR,0,93,0.5234988,-0.01139211,-0.08451295,0.812556,1.536822,3.842783
17,3,2,25,4,0.1396,1.773552,LR,0,94,0.5407348,-0.01139211,-0.08489573,0.829792,1.53644,3.842783
17,3,2,25,4,0.1396,1.773552,LR,0,95,0.5510144,-0.01139211,-0.08454049,0.8400716,1.536795,3.842783
17,3,2,25,4,0.1396,1.773552,LR,0,96,0.5609356,-0.01139211,-0.08636618,0.8499929,1.534969,3.842783
17,3,2,25,4,0.1396,1.773552,LR,0,97,0.5697334,-0.01139211,-0.09470105,0.8587907,1.526634,3.842783
17,3,2,25,4,0.1396,1.773552,LR,0,98,0.5789127,-0.0113921,-0.1019204,0.86797,1.519415,3.842783
17,3,2,25,4,0.1396,1.773552,LR,0,99,0.5957595,-0.0113921,-0.1046438,0.8848168,1.516692,3.842783
17,3,2,25,4,0.1396,1.773552,LR,0,100,0.6054828,-0.0113921,-0.1071274,0.8945401,1.514208,3.842783
17,3,2,25,4,0.1396,1.773552,LR,0,101,0.6226113,-0.0113921,-0.1093023,0.9116685,1.512033,3.842783
17,3,2,25,4,0.1396,1.773552,LR,0,102,0.6376643,-0.0113921,-0.1125364,0.9267216,1.508799,3.842783
17,3,2,25,4,0.1396,1.773552,LR,0,103,0.6525719,-0.0113921,-0.1065488,0.9416292,1.514787,3.842783
17,3,2,25,4,0.1396,1.773552,LR,0,104,0.6639795,-0.0113921,-0.1043186,0.9530368,1.517017,3.842783
17,3,2,25,4,0.1396,1.773552,LR,0,105,0.6763524,-0.0113921,-0.1029443,0.9654096,1.518391,3.842783
17,3,2,25,4,0.1396,1.773552,LR,0,106,0.692947,-0.0113921,-0.1013502,0.9820043,1.519985,3.842783
17,3,2,25,4,0.1396,1.773552,LR,0,107,0.7084115,-0.0113921,-0.1046337,0.9974687,1.516702,3.842783
17,3,2,25,4,0.1396,1.773552,LR,0,108,0.7206509,-0.0113921,-0.09881997,1.009708,1.522515,3.842783
17,3,2,25,4,0.1396,1.773552,LR,0,109,0.7364427,-0.01139211,-0.08920503,1.0255,1.53213,3.842783
17,3,2,25,4,0.1396,1.773552,LR,0,110,0.7615678,-0.01139211,-0.07781827,1.050625,1.543517,3.842783
17,3,2,25,4,0.1396,1.773552,LR,0,111,0.7881516,-0.01139211,-0.07030547,1.077209,1.55103,3.842783
17,3,2,25,4,0.1396,1.773552,LR,0,112,0.8059716,-0.01139211,-0.06670594,1.095029,1.554629,3.842783
17,3,2,25,4,0.1396,1.773552,LR,0,113,0.8167211,-0.01139211,-0.05560601,1.105778,1.565729,3.842783
17,3,2,25,4,0.1396,1.773552,LR,0,114,0.8337771,-0.01139211,-0.03896034,1.122834,1.582375,3.842783
17,2,2,35,4,0.1396,2.522384,RL,0,0,0.01688331,-0.001000215,0.4090409,0.4249407,2.021256,3.839064
17,2,2,35,4,0.1396,2.522384,RL,0,1,0.02903056,-0.001000214,0.4041629,0.4127935,2.016378,3.839064
17,2,2,35,4,0.1396,2.522384,RL,0,2,0.03856567,-0.001000213,0.3956788,0.4032584,2.007894,3.839064
17,2,2,35,4,0.1396,2.522384,RL,0,3,0.05555123,-0.001000212,0.3884547,0.3862728,2.00067,3.839064
17,2,2,35,4,0.1396,2.522384,RL,0,4,0.06736061,-0.001000213,0.3917162,0.3744634,2.003932,3.839064
17,2,2,35,4,0.1396,2.522384,RL,0,5,0.08601245,-0.001000213,0.3975818,0.3558116,2.009797,3.839064
17,2,2,35,4,0.1396,2.522384,RL,0,6,0.1037926,-0.001000213,0.3975575,0.3380314,2.009773,3.839064
17,2,2,35,4,0.1396,2.522384,RL,0,7,0.1126776,-0.001000213,0.3917143,0.3291464,2.00393,3.839064
17,2,2,35,4,0.1396,2.522384,RL,0,8,0.1254133,-0.001000213,0.3906391,0.3164108,2.002855,3.839064
17,2,2,35,4,0.1396,2.522384,RL,0,9,0.1359577,-0.001000213,0.3931565,0.3058663,2.005372,3.839064
17,2,2,35,4,0.1396,2.522384,RL,0,10,0.1266331,-0.001000211,0.3745391,0.315191,1.986755,3.839064
17,2,2,35,4,0.1396,2.522384,RL,0,11,0.120988,-0.001000209,0.3621719,0.320836,1.974387,3.839064
17,2,2,35,4,0.1396,2.522384,RL,0,12,0.1133944,-0.001000208,0.3542805,0.3284296,1.966496,3.839064
17,2,2,35,4,0.1396,2.522384,RL,0,13,0.1120636,-0.001000207,0.3432589,0.3297604,1.955474,3.839064
17,2,2,35,4,0.1396,2.522384,RL,0,14,0.1257228,-0.001000207,0.3442405,0.3161013,1.956456,3.839064
17,2,2,35,4,0.1396,2.522384,RL,0,15,0.1378709,-0.001000207,0.3462527,0.3039531,1.958468,3.839064
17,2,2,35,4,0.1396,2.522384,RL,0,16,0.1511109,-0.001000207,0.3470135,0.2907132,1.959229,3.839064
17,2,2,35,4,0.1396,2.522384,RL,0,17,0.1615566,-0.001000207,0.344991,0.2802674,1.957206,3.839064
17,2,2,35,4,0.1396,2.522384,RL,0,18,0.1893052,-0.001000207,0.3475254,0.2525188,1.959741,3.839064
17,2,2,35,4,0.1396,2.522384,RL,0,19,0.199401,-0.001000208,0.3501475,0.242423,1.962363,3.839064
17,2,2,35,4,0.1396,2.522384,RL,0,20,0.2226981,-0.001000208,0.3551861,0.2191259,1.967402,3.839064
17,2,2,35,4,0.1396,2.522384,RL,0,21,0.2389919,-0.001000209,0.3573859,0.2028321,1.969601,3.839064
17,2,2,35,4,0.1396,2.522384,RL,0,22,0.2495255,-0.001000208,0.3562547,0.1922986,1.96847,3.839064
17,2,2,35,4,0.1396,2.522384,RL,0,23,0.2449215,-0.001000207,0.3463112,0.1969025,1.958527,3.839064
17,2,2,35,4,0.1396,2.522384,RL,0,24,0.2394047,-0.001000206,0.3356309,0.2024194,1.947846,3.839064
17,2,2,35,4,0.1396,2.522384,RL,0,25,0.2383631,-0.001000205,0.3251071,0.2034609,1.937323,3.839064
17,2,2,35,4,0.1396,2.522384,RL,0,26,0.2389372,-0.001000203,0.3122796,0.2028869,1.924495,3.839064
17,2,2,35,4,0.1396,2.522384,RL,0,27,0.2449756,-0.001000201,0.2913464,0.1968485,1.903562,3.839064
17,2,2,35,4,0.1396,2.522384,RL,0,28,0.2531372,-0.001000199,0.2779872,0.1886868,1.890203,3.839064
17,2,2,35,4,0.1396,2.522384,RL,0,29,0.2689512,-0.001000198,0.270779,0.1728728,1.882995,3.839064
17,2,2,35,4,0.1396,2.522384,RL,0,30,0.2902567,-0.001000198,0.2671282,0.1515674,1.879344,3.839064
17,2,2,35,4,0.1396,2.522384,RL,0,31,0.3126783,-0.001000197,0.2575434,0.1291458,1.869759,3.839064
17,2,2,35,4,0.1396,2.522384,RL,0,32,0.326529,-0.001000195,0.2466235,0.115295,1.858839,3.839064
17,2,2,35,4,0.1396,2.522384,RL,0,33,0.3366433,-0.001000194,0.2363838,0.1051807,1.848599,3.839064
17,2,2,35,4,0.1396,2.522384,RL,0,34,0.3446724,-0.001000193,0.2247872,0.09715161,1.837003,3.839064
17,2,2,35,4,0.1396,2.522384,RL,0,35,0.3511615,-0.001000192,0.2167932,0.09066251,1.829009,3.839064
17,2,2,35,4,0.1396,2.522384,RL,0,36,0.3582854,-0.001000191,0.2084641,0.08353865,1.82068,3.839064
17,2,2,35,4,0.1396,2.522384,RL,0,37,0.3683295,-0.001000189,0.1965442,0.07349455,1.80876,3.839064
17,2,2,35,4,0.1396,2.522384,RL,0,38,0.3692021,-0.001000188,0.1839823,0.07262197,1.796198,3.839064
17,2,2,35,4,0.1396,2.522384,RL,0,39,0.3742644,-0.001000186,0.1675843,0.06755969,1.7798,3.839064
17,2,2,35,4,0.1396,2.522384,RL,0,40,0.3813935,-0.001000184,0.1476438,0.06043056,1.759859,3.839064
17,2,2,35,4,0.1396,2.522384,RL,0,41,0.3701823,-0.001000184,0.1492888,0.07164177,1.761504,3.839064
17,2,2,35,4,0.1396,2.522384,RL,0,42,0.3644355,-0.001000182,0.1376529,0.07738858,1.749868,3.839064
17,2,2,35,4,0.1396,2.522384,RL,0,43,0.3555951,-0.001000181,0.1257827,0.08622894,1.737998,3.839064
17,2,2,35,4,0.1396,2.522384,RL,0,44,0.3637911,-0.001000179,0.1086806,0.07803297,1.720896,3.839064
17,2,2,35,4,0.1396,2.522384,RL,0,45,0.368428,-0.001000178,0.09947979,0.07339606,1.711695,3.839064
17,2,2,35,4,0.1396,2.522384,RL,0,46,0.374392,-0.001000177,0.09100699,0.06743208,1.703223,3.839064
17,2,2,35,4,0.1396,2.522384,RL,0,47,0.3773932,-0.001000175,0.07891762,0.06443089,1.691133,3.839064
17,2,2,35,4,0.1396,2.522384,RL,0,48,0.3816351,-0.001000174,0.06399763,0.06018898,1.676213,3.839064
17,2,2,35,4,0.1396,2.522384,RL,0,49,0.3890348,-0.001000172,0.05277002,0.05278924,1.664986,3.839064
17,2,2,35,4,0.1396,2.522384,RL,0,50,0.4012337,-0.00100017,0.03606069,0.04059035,1.648276,3.839064
17,2,2,35,4,0.1396,2.522384,RL,0,51,0.411145,-0.001000169,0.02170396,0.03067905,1.633919,3.839064
17,2,2,35,4,0.1396,2.522384,RL,0,52,0.4081601,-0.001000167,0.005645752,0.03366399,1.617861,3.839064
17,2,2,35,4,0.1396,2.522384,RL,0,53,0.4054559,-0.0009999266,-0.008292079,0.03636816,1.603923,3.839065
17,2,2,35,4,0.1396,2.522384,RL,0,54,0.4013757,-0.000999924,-0.02916288,0.0404484,1.583053,3.839065
17,2,2,35,4,0.1396,2.522384,RL,0,55,0.3973123,-0.0009999227,-0.03957999,0.04451177,1.572636,3.839065
17,2,2,35,4,0.1396,2.522384,RL,0,56,0.3898966,-0.0009999217,-0.04927182,0.05192742,1.562944,3.839065
17,2,2,35,4,0.1396,2.522384,RL,0,57,0.3828082,-0.0009999196,-0.06664622,0.05901587,1.545569,3.839065
17,2,2,35,4,0.1396,2.522384,RL,0,58,0.3849218,-0.0009999182,-0.07782078,0.0569022,1.534395,3.839065
17,2,2,35,4,0.1396,2.522384,RL,0,59,0.3908851,-0.0009999167,-0.09057248,0.05093896,1.521643,3.839065
17,2,2,35,4,0.1396,2.522384,RL,0,60,0.402106,-0.0009999151,-0.1042514,0.03971806,1.507964,3.839065
17,2,2,35,4,0.1396,2.522384,RL,0,61,0.4049693,-0.0009999138,-0.1150715,0.03685471,1.497144,3.839065
17,2,2,35,4,0.1396,2.522384,RL,0,62,0.408687,-0.000999912,-0.1295825,0.03313705,1.482633,3.839065
17,2,2,35,4,0.1396,2.522384,RL,0,63,0.4119414,-0.0009999104,-0.1432548,0.02988264,1.468961,3.839065
17,2,2,35,4,0.1396,2.522384,RL,0,64,0.4044389,-0.0009999092,-0.1537441,0.03738517,1.458471,3.839065
17,2,2,35,4,0.1396,2.522384,RL,0,65,0.3930061,-0.0009999082,-0.1623331,0.04881796,1.449882,3.839065
17,2,2,35,4,0.1396,2.522384,RL,0,66,0.3808759,-0.0009999068,-0.1741105,0.06094813,1.438105,3.839065
17,2,2,35,4,0.1396,2.522384,RL,0,67,0.3661287,-0.0009999058,-0.1825253,0.07569534,1.42969,3.839065
17,2,2,35,4,0.1396,2.522384,RL,0,68,0.3448475,-0.0009999055,-0.1846335,0.09697658,1.427582,3.839065
17,2,2,35,4,0.1396,2.522384,RL,0,69,0.3355421,-0.0009999048,-0.1908246,0.1062819,1.421391,3.839065
17,2,2,35,4,0.1396,2.522384,RL,0,70,0.3230532,-0.0009999038,-0.1993033,0.1187708,1.412912,3.839065
17,2,2,35,4,0.1396,2.522384,RL,0,71,0.316199,-0.000999902,-0.2139027,0.1256251,1.398313,3.839065
17,2,2,35,4,0.1396,2.522384,RL,0,72,0.2991796,-0.0009999003,-0.2281115,0.1426444,1.384104,3.839065
17,2,2,35,4,0.1396,2.522384,RL,0,73,0.293036,-0.0009998991,-0.2380152,0.1487881,1.3742,3.839065
17,2,2,35,4,0.1396,2.522384,RL,0,74,0.2857252,-0.0009998978,-0.2487413,0.1560988,1.363474,3.839065
17,2,2,35,4,0.1396,2.522384,RL,0,75,0.2817135,-0.0009998967,-0.2587752,0.1601105,1.35344,3.839065
17,2,2,35,4,0.1396,2.522384,RL,0,76,0.276573,-0.0009998952,-0.2710203,0.165251,1.341195,3.839065
17,2,2,35,4,0.1396,2.522384,RL,0,77,0.2673127,-0.0009998945,-0.277164,0.1745114,1.335052,3.839065
17,2,2,35,4,0.1396,2.522384,RL,0,78,0.2580833,-0.0009998932,-0.2880681,0.1837407,1.324147,3.839065
17,2,2,35,4,0.1396,2.522384,RL,0,79,0.247723,-0.0009998922,-0.2960827,0.194101,1.316133,3.839065
17,2,2,35,4,0.1396,2.522384,RL,0,80,0.238402,-0.0009998906,-0.3095908,0.2034221,1.302625,3.839065
17,2,2,35,4,0.1396,2.522384,RL,0,81,0.2370903,-0.0009998893,-0.3202908,0.2047338,1.291925,3.839065
17,2,2,35,4,0.1396,2.522384,RL,0,82,0.2331081,-0.0009998882,-0.3300242,0.2087159,1.282191,3.839065
17,2,2,35,4,0.1396,2.522384,RL,0,83,0.2203385,-0.000999887,-0.3402544,0.2214855,1.271961,3.839065
17,2,2,35,4,0.1396,2.522384,RL,0,84,0.2164087,-0.0009998849,-0.357137,0.2254153,1.255079,3.839065
17,2,2,35,4,0.1396,2.522384,RL,0,85,0.2097264,-0.0009998835,-0.3691156,0.2320977,1.2431,3.839065
17,2,2,35,4,0.1396,2.522384,RL,0,86,0.2001714,-0.0009998839,-0.3660405,0.2416527,1.246175,3.839065
17,2,2,35,4,0.1396,2.522384,RL,0,87,0.1907612,-0.0009998847,-0.3592958,0.2510629,1.25292,3.839065
17,2,2,35,4,0.1396,2.522384,RL,0,88,0.1814977,-0.0009998856,-0.3517556,0.2603264,1.26046,3.839065
17,2,2,35,4,0.1396,2.522384,RL,0,89,0.172593,-0.0009998863,-0.345637,0.2692311,1.266579,3.839065
17,2,2,35,4,0.1396,2.522384,RL,0,90,0.1707887,-0.0009998849,-0.3570186,0.2710354,1.255197,3.839065
17,2,2,35,4,0.1396,2.522384,RL,0,91,0.1693839,-0.0009998835,-0.3686717,0.2724402,1.243544,3.839065
17,2,2,35,4,0.1396,2.522384,RL,0,92,0.169881,-0.0009998821,-0.3812044,0.271943,1.231011,3.839065
17,2,2,35,4,0.1396,2.522384,RL,0,93,0.1686575,-0.0009998803,-0.3965849,0.2731666,1.215631,3.839065
17,2,2,35,4,0.1396,2.522384,RL,0,94,0.1669668,-0.0009998785,-0.4110229,0.2748573,1.201193,3.839065
17,2,2,35,4,0.1396,2.522384,RL,0,95,0.1624587,-0.0009998775,-0.4202845,0.2793653,1.191931,3.839065
17,2,2,35,4,0.1396,2.522384,RL,0,96,0.1474878,-0.0009998785,-0.4109941,0.2943362,1.201221,3.839065
17,2,2,35,4,0.1396,2.522384,RL,0,97,0.1408658,-0.0009998796,-0.402547,0.3009582,1.209669,3.839065
17,2,2,35,4,0.1396,2.522384,RL,0,98,0.1364022,-0.0009998808,-0.3920394,0.3054219,1.220176,3.839065
17,2,2,35,4,0.1396,2.522384,RL,0,99,0.1332971,-0.0009998822,-0.3803647,0.3085269,1.231851,3.839065
17,2,2,35,4,0.1396,2.522384,RL,0,100,0.1249973,-0.0009998832,-0.3724525,0.3168268,1.239763,3.839065
17,2,2,35,4,0.1396,2.522384,RL,0,101,0.1157772,-0.0009998815,-0.3857007,0.3260468,1.226515,3.839065
17,2,2,35,4,0.1396,2.522384,RL,0,102,0.1122815,-0.0009998789,-0.4081602,0.3295426,1.204055,3.839065
17,2,2,35,4,0.1396,2.522384,RL,0,103,0.1069172,-0.0009998758,-0.4334975,0.3349069,1.178718,3.839065
17,2,2,35,4,0.1396,2.522384,RL,0,104,0.1019284,-0.0009998746,-0.4442658,0.3398957,1.16795,3.839065
17,2,2,35,4,0.1396,2.522384,RL,0,105,0.09286895,-0.0009998737,-0.4510779,0.3489551,1.161138,3.839065
17,2,2,35,4,0.1396,2.522384,RL,0,106,0.08884946,-0.0009998757,-0.4340835,0.3529746,1.178132,3.839065
17,2,2,35,4,0.1396,2.522384,RL,0,107,0.08539429,-0.0009998778,-0.417205,0.3564298,1.195011,3.839065
17,2,2,35,4,0.1396,2.522384,RL,0,108,0.08257684,-0.0009998798,-0.4008329,0.3592472,1.211383,3.839065
17,2,2,35,4,0.1396,2.522384,RL,0,109,0.08059394,-0.000999881,-0.3909942,0.3612301,1.221221,3.839065
17,2,2,35,4,0.1396,2.522384,RL,0,110,0.07399863,-0.0009998824,-0.3784773,0.3678254,1.233738,3.839065
17,2,2,35,4,0.1396,2.522384,RL,0,111,0.06618103,-0.0009998834,-0.3700343,0.375643,1.242181,3.839065
17,2,2,35,4,0.1396,2.522384,RL,0,112,0.056703,-0.0009998844,-0.3615634,0.385121,1.250652,3.839065
17,2,2,35,4,0.1396,2.522384,RL,0,113,0.04770961,-0.0009998828,-0.3747723,0.3941144,1.237443,3.839065
17,2,2,35,4,0.1396,2.522384,RL,0,114,0.04323214,-0.0009998817,-0.3842838,0.3985919,1.227932,3.839065
17,2,2,35,4,0.1396,2.522384,RL,0,115,0.04106998,-0.00099988,-0.3987978,0.4007541,1.213418,3.839065
17,2,2,35,4,0.1396,2.522384,RL,0,116,0.04021198,-0.0009998778,-0.4165361,0.4016121,1.195679,3.839065
17,2,2,35,4,0.1396,2.522384,RL,0,117,0.03619799,-0.0009998765,-0.4274783,0.4056261,1.184737,3.839065
17,2,2,35,4,0.1396,2.522384,RL,0,118,0.02427021,-0.0009998766,-0.4266036,0.4175538,1.185612,3.839065
17,2,2,35,4,0.1396,2.522384,RL,0,119,0.01488489,-0.0009998783,-0.4130253,0.4269392,1.19919,3.839065
17,2,2,35,4,0.1396,2.522384,RL,0,120,0.007561743,-0.0009998808,-0.3911636,0.4342623,1.221052,3.839065
17,2,2,35,4,0.1396,2.522384,RL,0,121,-0.001109093,-0.0009998822,-0.3803332,0.4429331,1.231882,3.839065
17,2,2,35,4,0.1396,2.522384,RL,0,122,-0.01323047,-0.0009998836,-0.3678733,0.4550545,1.244342,3.839065
17,2,2,35,4,0.1396,2.522384,RL,0,123,-0.02618623,-0.0009998846,-0.3600543,0.4680103,1.252161,3.839065
17,2,2,35,4,0.1396,2.522384,RL,0,124,-0.03662604,-0.000999885,-0.3559771,0.4784501,1.256238,3.839065
17,2,2,35,4,0.1396,2.522384,RL,0,125,-0.04480183,-0.0009998839,-0.3659432,0.4866259,1.246272,3.839065
17,2,2,35,4,0.1396,2.522384,RL,0,126,-0.05192211,-0.0009998829,-0.3736529,0.4937462,1.238563,3.839065
17,2,2,35,4,0.1396,2.522384,RL,0,127,-0.05963275,-0.0009998821,-0.3813424,0.5014568,1.230873,3.839065
17,2,2,35,4,0.1396,2.522384,RL,0,128,-0.07130811,-0.0009998806,-0.3931037,0.5131322,1.219112,3.839065
17,2,2,35,4,0.1396,2.522384,RL,0,129,-0.07943788,-0.000999879,-0.4075468,0.5212619,1.204669,3.839065
17,2,2,35,4,0.1396,2.522384,RL,0,130,-0.07734403,-0.0009998776,-0.4189949,0.5191681,1.193221,3.839065
17,2,2,35,4,0.1396,2.522384,RL,0,131,-0.08778122,-0.0009998776,-0.4187922,0.5296053,1.193423,3.839065
17,2,2,35,4,0.1396,2.522384,RL,0,132,-0.09514716,-0.0009998787,-0.4090712,0.5369712,1.203144,3.839065
17,2,2,35,4,0.1396,2.522384,RL,0,133,-0.1030996,-0.0009998803,-0.3967614,0.5449236,1.215454,3.839065
17,2,2,35,4,0.1396,2.522384,RL,0,134,-0.1164345,-0.0009998817,-0.3850261,0.5582586,1.227189,3.839065
17,2,2,35,4,0.1396,2.522384,RL,0,135,-0.1263157,-0.0009998825,-0.3775681,0.5681398,1.234647,3.839065
17,2,2,35,4,0.1396,2.522384,RL,0,136,-0.1412602,-0.0009998832,-0.3723834,0.5830843,1.239832,3.839065
17,2,2,35,4,0.1396,2.522384,RL,0,137,-0.1556375,-0.0009998837,-0.3673803,0.5974615,1.244835,3.839065
17,2,2,35,4,0.1396,2.522384,RL,0,138,-0.1697692,-0.0009998846,-0.3606154,0.6115932,1.2516,3.839065
17,2,2,35,4,0.1396,2.522384,RL,0,139,-0.1830544,-0.0009998853,-0.3546636,0.6248785,1.257552,3.839065
17,2,2,35,4,0.1396,2.522384,RL,0,140,-0.1930846,-0.0009998864,-0.3446872,0.6349087,1.267528,3.839065
17,2,2,35,4,0.1396,2.522384,RL,0,141,-0.2035115,-0.0009998865,-0.3434266,0.6453356,1.268789,3.839065
17,2,2,35,4,0.1396,2.522384,RL,0,142,-0.2189303,-0.0009998871,-0.3388518,0.6607543,1.273364,3.839065
17,2,2,35,4,0.1396,2.522384,RL,0,143,-0.232353,-0.0009998878,-0.3333032,0.6741771,1.278912,3.839065
17,2,2,35,4,0.1396,2.522384,RL,0,144,-0.2402321,-0.0009998889,-0.3237325,0.6820562,1.288483,3.839065
17,2,2,35,4,0.1396,2.522384,RL,0,145,-0.2493764,-0.0009998906,-0.3097736,0.6912004,1.302442,3.839065
17,2,2,35,4,0.1396,2.522384,RL,0,146,-0.2572077,-0.0009998917,-0.30042,0.6990318,1.311795,3.839065
17,2,2,35,4,0.1396,2.522384,RL,0,147,-0.2630506,-0.0009998928,-0.2906218,0.7048746,1.321594,3.839065
17,2,2,35,4,0.1396,2.522384,RL,0,148,-0.2837245,-0.0009998954,-0.2697901,0.7255485,1.342425,3.839065
17,2,2,35,4,0.1396,2.522384,RL,0,149,-0.2934038,-0.0009998964,-0.2606363,0.7352278,1.351579,3.839065
17,2,2,35,4,0.1396,2.522384,RL,0,150,-0.3087932,-0.0009998978,-0.2491344,0.7506173,1.363081,3.839065
17,2,2,35,4,0.1396,2.522384,RL,0,151,-0.3229227,-0.0009998993,-0.2364131,0.7647468,1.375802,3.839065
17,2,2,35,4,0.1396,2.522384,RL,0,152,-0.3350145,-0.0009999005,-0.2262394,0.7768385,1.385976,3.839065
17,2,2,35,4,0.1396,2.522384,RL,0,153,-0.3480699,-0.0009999018,-0.2161638,0.789894,1.396052,3.839065
17,2,2,35,4,0.1396,2.522384,RL,0,154,-0.3589464,-0.0009999026,-0.2085652,0.8007704,1.40365,3.839065
17,2,2,35,4,0.1396,2.522384,RL,0,155,-0.3662486,-0.0009999039,-0.1987234,0.8080727,1.413492,3.839065
17,2,2,35,4,0.1396,2.522384,RL,0,156,-0.3715922,-0.0009999051,-0.1886693,0.8134162,1.423546,3.839065
17,2,2,35,4,0.1396,2.522384,RL,0,157,-0.3763385,-0.0009999063,-0.177631,0.8181626,1.434584,3.839065
17,2,2,35,4,0.1396,2.522384,RL,0,158,-0.3847089,-0.000999907,-0.1716993,0.826533,1.440516,3.839065
17,2,2,35,4,0.1396,2.522384,RL,0,159,-0.3958561,-0.000999908,-0.1637012,0.8376801,1.448514,3.839065
17,2,2,35,4,0.1396,2.522384,RL,0,160,-0.4085713,-0.000999909,-0.1552892,0.8503954,1.456926,3.839065
17,2,2,35,4,0.1396,2.522384,RL,0,161,-0.4163063,-0.0009999098,-0.1482546,0.8581303,1.463961,3.839065
17,2,2,35,4,0.1396,2.522384,RL,0,162,-0.4106164,-0.0009999111,-0.1374141,0.8524405,1.474801,3.839065
17,2,2,35,4,0.1396,2.522384,RL,0,163,-0.409666,-0.0009999124,-0.1267627,0.85149,1.485453,3.839065
17,2,2,35,4,0.1396,2.522384,RL,0,164,-0.4081706,-0.0009999141,-0.112453,0.8499947,1.499763,3.839065
17,2,2,35,4,0.1396,2.522384,RL,0,165,-0.4079664,-0.0009999154,-0.1013467,0.8497905,1.510869,3.839065
17,2,2,35,4,0.1396,2.522384,RL,0,166,-0.3987166,-0.0009999168,-0.0898962,0.8405406,1.522319,3.839065
17,2,2,35,4,0.1396,2.522384,RL,0,167,-0.3844421,-0.0009999174,-0.08486986,0.8262661,1.527346,3.839065
17,2,2,35,4,0.1396,2.522384,RL,0,168,-0.3761428,-0.0009999184,-0.07629108,0.8179668,1.535924,3.839065
17,2,2,35,4,0.1396,2.522384,RL,0,169,-0.3730659,-0.0009999197,-0.06553757,0.8148899,1.546678,3.839065
17,2,2,35,4,0.1396,2.522384,RL,0,170,-0.3740517,-0.0009999212,-0.05288792,0.8158758,1.559328,3.839065
17,2,2,35,4,0.1396,2.522384,RL,0,171,-0.3722635,-0.0009999232,-0.03660488,0.8140875,1.575611,3.839065
17,2,2,35,4,0.1396,2.522384,RL,0,172,-0.3848585,-0.0009999244,-0.02598274,0.8266826,1.586233,3.839065
17,2,2,35,4,0.1396,2.522384,RL,0,173,-0.3973069,-0.0009999255,-0.01662374,0.8391309,1.595592,3.839065
17,2,2,35,4,0.1396,2.522384,RL,0,174,-0.4106683,-0.0009999274,-0.0008175374,0.8524924,1.611398,3.839065
17,2,2,35,4,0.1396,2.522384,RL,0,175,-0.4264016,-0.001000167,0.01182282,0.8682257,1.624038,3.839064
17,2,2,35,4,0.1396,2.522384,RL,0,176,-0.4363885,-0.001000168,0.01965666,0.8782125,1.631872,3.839064
17,2,2,35,4,0.1396,2.522384,RL,0,177,-0.4249565,-0.001000169,0.02362037,0.8667805,1.635836,3.839064
17,2,2,35,4,0.1396,2.522384,RL,0,178,-0.4088947,-0.001000169,0.02862322,0.8507187,1.640839,3.839064
17,2,2,35,4,0.1396,2.522384,RL,0,179,-0.3980792,-0.001000169,0.02880991,0.8399032,1.641025,3.839064
17,2,2,35,4,0.1396,2.522384,RL,0,180,-0.3962713,-0.001000171,0.03934753,0.8380954,1.651563,3.839064
17,2,2,35,4,0.1396,2.522384,RL,0,181,-0.3903618,-0.001000172,0.05468321,0.8321859,1.666899,3.839064
17,2,2,35,4,0.1396,2.522384,RL,0,182,-0.388364,-0.001000174,0.06535411,0.830188,1.67757,3.839064
17,2,2,35,4,0.1396,2.522384,RL,0,183,-0.3862762,-0.001000175,0.07984161,0.8281002,1.692057,3.839064
17,2,2,35,4,0.1396,2.522384,RL,0,184,-0.3880003,-0.001000177,0.09265077,0.8298243,1.704866,3.839064
17,2,2,35,4,0.1396,2.522384,RL,0,185,-0.3961128,-0.001000179,0.1112176,0.8379369,1.723433,3.839064
17,2,2,35,4,0.1396,2.522384,RL,0,186,-0.3905425,-0.001000181,0.1241978,0.8323666,1.736413,3.839064
17,2,2,35,4,0.1396,2.522384,RL,0,187,-0.3902107,-0.001000182,0.1389638,0.8320347,1.751179,3.839064
17,2,2,35,4,0.1396,2.522384,RL,0,188,-0.3872776,-0.001000184,0.1509051,0.8291017,1.763121,3.839064
17,2,2,35,4,0.1396,2.522384,RL,0,189,-0.3821215,-0.001000185,0.1612844,0.8239456,1.7735,3.839064
17,2,2,35,4,0.1396,2.522384,RL,0,190,-0.3789274,-0.001000186,0.1716311,0.8207514,1.783847,3.839064
17,2,2,35,4,0.1396,2.522384,RL,0,191,-0.3786916,-0.001000188,0.1844589,0.8205156,1.796674,3.839064
17,2,2,35,4,0.1396,2.522384,RL,0,192,-0.3753987,-0.00100019,0.2017887,0.8172227,1.814004,3.839064
17,2,2,35,4,0.1396,2.522384,RL,0,193,-0.3716078,-0.001000191,0.2121669,0.8134319,1.824382,3.839064
17,2,2,35,4,0.1396,2.522384,RL,0,194,-0.3636648,-0.001000192,0.2221545,0.8054888,1.83437,3.839064
17,2,2,35,4,0.1396,2.522384,RL,0,195,-0.3519593,-0.001000194,0.2332875,0.7937833,1.845503,3.839064
17,2,2,35,4,0.1396,2.522384,RL,0,196,-0.3446635,-0.001000195,0.2471077,0.7864876,1.859323,3.839064
17,2,2,35,4,0.1396,2.522384,RL,0,197,-0.3306241,-0.001000196,0.2550827,0.7724482,1.867298,3.839064
17,2,2,35,4,0.1396,2.522384,RL,0,198,-0.3143102,-0.001000197,0.2589312,0.7561342,1.871147,3.839064
17,2,2,35,4,0.1396,2.522384,RL,0,199,-0.2963608,-0.001000197,0.2647995,0.7381848,1.877015,3.839064
17,2,2,35,4,0.1396,2.522384,RL,0,200,-0.2860934,-0.001000198,0.266984,0.7279175,1.8792,3.839064
17,2,2,35,4,0.1396,2.522384,RL,0,201,-0.2701949,-0.001000199,0.2806141,0.712019,1.89283,3.839064
17,2,2,35,4,0.1396,2.522384,RL,0,202,-0.2566839,-0.001000201,0.2969831,0.6985079,1.909199,3.839064
17,2,2,35,4,0.1396,2.522384,RL,0,203,-0.2445933,-0.001000203,0.3118902,0.6864173,1.924106,3.839064
17,2,2,35,4,0.1396,2.522384,RL,0,204,-0.227807,-0.001000205,0.3259586,0.669631,1.938174,3.839064
17,2,2,35,4,0.1396,2.522384,RL,0,205,-0.2091588,-0.001000206,0.3389621,0.6509829,1.951178,3.839064
17,2,2,35,4,0.1396,2.522384,RL,0,206,-0.1883172,-0.001000208,0.3508912,0.6301413,1.963107,3.839064
17,2,2,35,4,0.1396,2.522384,RL,0,207,-0.1726508,-0.001000208,0.3565365,0.6144749,1.968752,3.839064
17,2,2,35,4,0.1396,2.522384,RL,0,208,-0.1642024,-0.00100021,0.3668878,0.6060264,1.979103,3.839064
17,2,2,35,4,0.1396,2.522384,RL,0,209,-0.1477453,-0.001000211,0.3793494,0.5895693,1.991565,3.839064
17,2,2,35,4,0.1396,2.522384,RL,0,210,-0.1251302,-0.001000213,0.3922684,0.5669543,2.004484,3.839064
17,2,2,35,4,0.1396,2.522384,RL,0,211,-0.09985581,-0.001000215,0.4104025,0.5416799,2.022618,3.839064
17,2,2,35,4,0.1396,2.522384,RL,0,212,-0.0731276,-0.001000217,0.427253,0.5149516,2.039469,3.839064
17,2,2,35,4,0.1396,2.522384,RL,0,213,-0.04916313,-0.001000218,0.4371414,0.4909872,2.049357,3.839064
17,2,2,35,4,0.1396,2.522384,RL,0,214,-0.02000141,-0.001000218,0.4364779,0.4618255,2.048693,3.839064
17,2,2,35,4,0.1396,2.522384,RL,0,215,-0.02555716,-0.001000217,0.424619,0.4673812,2.036834,3.839064
17,2,2,35,4,0.1396,2.522384,RL,0,216,-0.01322645,-0.001000216,0.419106,0.4550505,2.031322,3.839064
17,3,2,35,4,0.1396,2.522384,LR,0,0,-0.9581376,-0.02429604,-0.01085055,-0.5163136,1.601365,3.815768
17,3,2,35,4,0.1396,2.522384,LR,0,1,-0.9371308,-0.02429604,-0.00825322,-0.4953068,1.603962,3.815768
17,3,2,35,4,0.1396,2.522384,LR,0,2,-0.9202951,-0.02429604,-0.01499486,-0.4784711,1.597221,3.815768
17,3,2,35,4,0.1396,2.522384,LR,0,3,-0.9064822,-0.02429604,-0.02750194,-0.4646582,1.584714,3.815768
17,3,2,35,4,0.1396,2.522384,LR,0,4,-0.8887519,-0.02429604,-0.03588498,-0.4469278,1.576331,3.815768
17,3,2,35,4,0.1396,2.522384,LR,0,5,-0.8701482,-0.02429604,-0.03759969,-0.4283242,1.574616,3.815768
17,3,2,35,4,0.1396,2.522384,LR,0,6,-0.8576765,-0.02429604,-0.03839493,-0.4158525,1.573821,3.815768
17,3,2,35,4,0.1396,2.522384,LR,0,7,-0.8390896,-0.02429604,-0.04456365,-0.3972656,1.567652,3.815768
17,3,2,35,4,0.1396,2.522384,LR,0,8,-0.822273,-0.02429604,-0.04306317,-0.380449,1.569152,3.815768
17,3,2,35,4,0.1396,2.522384,LR,0,9,-0.8133073,-0.02429604,-0.04881275,-0.3714833,1.563403,3.815768
17,3,2,35,4,0.1396,2.522384,LR,0,10,-0.7935929,-0.02429604,-0.05293143,-0.3517689,1.559284,3.815768
17,3,2,35,4,0.1396,2.522384,LR,0,11,-0.7764287,-0.02429604,-0.0501442,-0.3346047,1.562071,3.815768
17,3,2,35,4,0.1396,2.522384,LR,0,12,-0.7610239,-0.02429604,-0.05235541,-0.3191998,1.55986,3.815768
17,3,2,35,4,0.1396,2.522384,LR,0,13,-0.7433531,-0.02429604,-0.04855299,-0.3015291,1.563663,3.815768
17,3,2,35,4,0.1396,2.522384,LR,0,14,-0.7298405,-0.02429604,-0.04732275,-0.2880165,1.564893,3.815768
17,3,2,35,4,0.1396,2.522384,LR,0,15,-0.7167004,-0.02429604,-0.05111909,-0.2748764,1.561096,3.815768
17,3,2,35,4,0.1396,2.522384,LR,0,16,-0.7040988,-0.02429604,-0.04998553,-0.2622748,1.56223,3.815768
17,3,2,35,4,0.1396,2.522384,LR,0,17,-0.6908895,-0.02429604,-0.04742813,-0.2490655,1.564787,3.815768
17,3,2,35,4,0.1396,2.522384,LR,0,18,-0.6766557,-0.02429604,-0.0426842,-0.2348316,1.569531,3.815768
17,3,2,35,4,0.1396,2.522384,LR,0,19,-0.6579087,-0.02429604,-0.04035986,-0.2160847,1.571856,3.815768
17,3,2,35,4,0.1396,2.522384,LR,0,20,-0.6402379,-0.02429604,-0.03954006,-0.1984139,1.572675,3.815768
17,3,2,35,4,0.1396,2.522384,LR,0,21,-0.623209,-0.02429604,-0.03350211,-0.181385,1.578713,3.815768
17,3,2,35,4,0.1396,2.522384,LR,0,22,-0.6060853,-0.02429604,-0.02349103,-0.1642612,1.588724,3.815768
17,3,2,35,4,0.1396,2.522384,LR,0,23,-0.5878756,-0.02429604,-0.0134219,-0.1460516,1.598794,3.815768
17,3,2,35,4,0.1396,2.522384,LR,0,24,-0.5729803,-0.02429605,0.003806946,-0.1311562,1.616022,3.815768
17,3,2,35,4,0.1396,2.522384,LR,0,25,-0.5657529,-0.02429605,0.01788103,-0.1239288,1.630097,3.815768
17,3,2,35,4,0.1396,2.522384,LR,0,26,-0.5425085,-0.02429605,0.02565252,-0.1006845,1.637868,3.815768
17,3,2,35,4,0.1396,2.522384,LR,0,27,-0.5265113,-0.02429605,0.03577184,-0.08468729,1.647987,3.815768
17,3,2,35,4,0.1396,2.522384,LR,0,28,-0.5140241,-0.02429605,0.04813587,-0.07220006,1.660351,3.815768
17,3,2,35,4,0.1396,2.522384,LR,0,29,-0.4993971,-0.02429605,0.05809736,-0.05757308,1.670313,3.815768
17,3,2,35,4,0.1396,2.522384,LR,0,30,-0.4863184,-0.02429605,0.06014216,-0.04449433,1.672358,3.815768
17,3,2,35,4,0.1396,2.522384,LR,0,31,-0.4778426,-0.02429629,0.06607318,-0.03601855,1.678289,3.815768
17,3,2,35,4,0.1396,2.522384,LR,0,32,-0.4693143,-0.02429629,0.07284057,-0.02749026,1.685056,3.815768
17,3,2,35,4,0.1396,2.522384,LR,0,33,-0.4596346,-0.02429629,0.0803231,-0.01781058,1.692539,3.815768
17,3,2,35,4,0.1396,2.522384,LR,0,34,-0.4471692,-0.02429629,0.08422649,-0.005345166,1.696442,3.815768
17,3,2,35,4,0.1396,2.522384,LR,0,35,-0.4309491,-0.02429629,0.08715761,0.01087493,1.699373,3.815768
17,3,2,35,4,0.1396,2.522384,LR,0,36,-0.4192083,-0.02429629,0.09264553,0.02261573,1.704861,3.815768
17,3,2,35,4,0.1396,2.522384,LR,0,37,-0.4079892,-0.0242963,0.1033267,0.03383482,1.715542,3.815768
17,3,2,35,4,0.1396,2.522384,LR,0,38,-0.3963919,-0.0242963,0.1117984,0.04543212,1.724014,3.815768
17,3,2,35,4,0.1396,2.522384,LR,0,39,-0.3831633,-0.0242963,0.1140265,0.05866075,1.726242,3.815768
17,3,2,35,4,0.1396,2.522384,LR,0,40,-0.3729234,-0.0242963,0.1214058,0.06890061,1.733621,3.815768
17,3,2,35,4,0.1396,2.522384,LR,0,41,-0.3671284,-0.0242963,0.1305977,0.07469568,1.742813,3.815768
17,3,2,35,4,0.1396,2.522384,LR,0,42,-0.3574531,-0.0242963,0.1332735,0.08437097,1.745489,3.815768
17,3,2,35,4,0.1396,2.522384,LR,0,43,-0.3437784,-0.0242963,0.1356175,0.09804565,1.747833,3.815768
17,3,2,35,4,0.1396,2.522384,LR,0,44,-0.3295004,-0.0242963,0.1401358,0.1123236,1.752351,3.815768
17,3,2,35,4,0.1396,2.522384,LR,0,45,-0.3173648,-0.0242963,0.1498984,0.1244592,1.762114,3.815768
17,3,2,35,4,0.1396,2.522384,LR,0,46,-0.3073434,-0.0242963,0.1558188,0.1344806,1.768034,3.815768
17,3,2,35,4,0.1396,2.522384,LR,0,47,-0.2847373,-0.0242963,0.1557381,0.1570867,1.767954,3.815768
17,3,2,35,4,0.1396,2.522384,LR,0,48,-0.2704028,-0.0242963,0.1587416,0.1714212,1.770957,3.815768
17,3,2,35,4,0.1396,2.522384,LR,0,49,-0.2574959,-0.0242963,0.1673906,0.1843281,1.779606,3.815768
17,3,2,35,4,0.1396,2.522384,LR,0,50,-0.2485205,-0.0242963,0.1727937,0.1933035,1.785009,3.815768
17,3,2,35,4,0.1396,2.522384,LR,0,51,-0.23255,-0.02429631,0.1803002,0.2092741,1.792516,3.815768
17,3,2,35,4,0.1396,2.522384,LR,0,52,-0.2161873,-0.02429631,0.1836715,0.2256368,1.795887,3.815768
17,3,2,35,4,0.1396,2.522384,LR,0,53,-0.2005027,-0.02429631,0.1867558,0.2413214,1.798971,3.815768
17,3,2,35,4,0.1396,2.522384,LR,0,54,-0.1882306,-0.02429631,0.1883992,0.2535935,1.800615,3.815768
17,3,2,35,4,0.1396,2.522384,LR,0,55,-0.1751785,-0.02429631,0.1847348,0.2666456,1.79695,3.815768
17,3,2,35,4,0.1396,2.522384,LR,0,56,-0.1558654,-0.0242963,0.1790454,0.2859586,1.791261,3.815768
17,3,2,35,4,0.1396,2.522384,LR,0,57,-0.1464843,-0.0242963,0.1752796,0.2953397,1.787495,3.815768
17,3,2,35,4,0.1396,2.522384,LR,0,58,-0.1323076,-0.0242963,0.1643475,0.3095165,1.776563,3.815768
17,3,2,35,4,0.1396,2.522384,LR,0,59,-0.1173285,-0.0242963,0.1554239,0.3244956,1.767639,3.815768
17,3,2,35,4,0.1396,2.522384,LR,0,60,-0.09970894,-0.0242963,0.1512883,0.3421151,1.763504,3.815768
17,3,2,35,4,0.1396,2.522384,LR,0,61,-0.08850089,-0.0242963,0.1495545,0.3533232,1.76177,3.815768
17,3,2,35,4,0.1396,2.522384,LR,0,62,-0.07165876,-0.0242963,0.1445545,0.3701653,1.75677,3.815768
17,3,2,35,4,0.1396,2.522384,LR,0,63,-0.0605371,-0.0242963,0.1448052,0.3812869,1.757021,3.815768
17,3,2,35,4,0.1396,2.522384,LR,0,64,-0.0522612,-0.0242963,0.135553,0.3895628,1.747769,3.815768
17,3,2,35,4,0.1396,2.522384,LR,0,65,-0.04385579,-0.0242963,0.1280234,0.3979683,1.740239,3.815768
17,3,2,35,4,0.1396,2.522384,LR,0,66,-0.02947697,-0.0242963,0.1147941,0.4123471,1.72701,3.815768
17,3,2,35,4,0.1396,2.522384,LR,0,67,-0.008094341,-0.02429629,0.0983882,0.4337297,1.710604,3.815768
17,3,2,35,4,0.1396,2.522384,LR,0,68,0.01863125,-0.02429629,0.09309304,0.4604553,1.705309,3.815768
17,3,2,35,4,0.1396,2.522384,LR,0,69,0.02673212,-0.02429629,0.0870676,0.4685562,1.699283,3.815768
17,3,2,35,4,0.1396,2.522384,LR,0,70,0.02856335,-0.02429629,0.07667637,0.4703874,1.688892,3.815768
17,3,2,35,4,0.1396,2.522384,LR,0,71,0.03332612,-0.02429629,0.06473577,0.4751502,1.676951,3.815768
17,3,2,35,4,0.1396,2.522384,LR,0,72,0.02656636,-0.02429605,0.05426228,0.4683904,1.666478,3.815768
17,3,2,35,4,0.1396,2.522384,LR,0,73,0.03746113,-0.02429605,0.05629348,0.4792852,1.668509,3.815768
17,3,2,35,4,0.1396,2.522384,LR,0,74,0.05207828,-0.02429605,0.06261563,0.4939023,1.674831,3.815768
17,3,2,35,4,0.1396,2.522384,LR,0,75,0.06217572,-0.02429629,0.06816614,0.5039998,1.680382,3.815768
17,3,2,35,4,0.1396,2.522384,LR,0,76,0.07209107,-0.02429605,0.06197667,0.5139151,1.674192,3.815768
17,3,2,35,4,0.1396,2.522384,LR,0,77,0.06982258,-0.02429605,0.05037069,0.5116466,1.662586,3.815768
17,3,2,35,4,0.1396,2.522384,LR,0,78,0.06019667,-0.02429605,0.03926432,0.5020207,1.65148,3.815768
17,3,2,35,4,0.1396,2.522384,LR,0,79,0.05210885,-0.02429605,0.03028369,0.4939329,1.642499,3.815768
17,3,2,35,4,0.1396,2.522384,LR,0,80,0.05593315,-0.02429605,0.0203768,0.4977572,1.632592,3.815768
17,3,2,35,4,0.1396,2.522384,LR,0,81,0.06630763,-0.02429605,0.02021515,0.5081317,1.632431,3.815768
17,3,2,35,4,0.1396,2.522384,LR,0,82,0.07908979,-0.02429605,0.02328956,0.5209138,1.635505,3.815768
17,3,2,35,4,0.1396,2.522384,LR,0,83,0.09266642,-0.02429605,0.02711355,0.5344905,1.639329,3.815768
17,3,2,35,4,0.1396,2.522384,LR,0,84,0.1083349,-0.02429605,0.03062832,0.5501589,1.642844,3.815768
17,3,2,35,4,0.1396,2.522384,LR,0,85,0.1362834,-0.02429605,0.03114879,0.5781075,1.643364,3.815768
17,3,2,35,4,0.1396,2.522384,LR,0,86,0.1474762,-0.02429605,0.02856326,0.5893002,1.640779,3.815768
17,3,2,35,4,0.1396,2.522384,LR,0,87,0.1372334,-0.02429605,0.02761888,0.5790575,1.639834,3.815768
17,3,2,35,4,0.1396,2.522384,LR,0,88,0.1321218,-0.02429605,0.01603436,0.5739458,1.62825,3.815768
17,3,2,35,4,0.1396,2.522384,LR,0,89,0.1231592,-0.02429605,0.0005062789,0.5649832,1.612722,3.815768
17,3,2,35,4,0.1396,2.522384,LR,0,90,0.1144783,-0.02429604,-0.010867,0.5563024,1.601349,3.815768
17,3,2,35,4,0.1396,2.522384,LR,0,91,0.1030227,-0.02429604,-0.01685787,0.5448468,1.595358,3.815768
17,3,2,35,4,0.1396,2.522384,LR,0,92,0.09530172,-0.02429604,-0.03077281,0.5371258,1.581443,3.815768
17,3,2,35,4,0.1396,2.522384,LR,0,93,0.1056876,-0.02429604,-0.03447009,0.5475117,1.577745,3.815768
17,3,2,35,4,0.1396,2.522384,LR,0,94,0.119564,-0.02429604,-0.03625334,0.5613881,1.575962,3.815768
17,3,2,35,4,0.1396,2.522384,LR,0,95,0.1327759,-0.02429604,-0.03841472,0.5746,1.573801,3.815768
17,3,2,35,4,0.1396,2.522384,LR,0,96,0.1627739,-0.02429604,-0.03707874,0.604598,1.575137,3.815768
17,3,2,35,4,0.1396,2.522384,LR,0,97,0.1920348,-0.02429604,-0.03329301,0.6338588,1.578923,3.815768
17,3,2,35,4,0.1396,2.522384,LR,0,98,0.2067542,-0.02429604,-0.02712679,0.6485783,1.585089,3.815768
17,3,2,35,4,0.1396,2.522384,LR,0,99,0.1977336,-0.02429604,-0.03179896,0.6395576,1.580417,3.815768
17,3,2,35,4,0.1396,2.522384,LR,0,100,0.1915947,-0.02429604,-0.04627359,0.6334187,1.565942,3.815768
17,3,2,35,4,0.1396,2.522384,LR,0,101,0.1826591,-0.02429604,-0.06084729,0.6244831,1.551368,3.815768
17,3,2,35,4,0.1396,2.522384,LR,0,102,0.1806885,-0.02429604,-0.0713048,0.6225125,1.540911,3.815768
17,3,2,35,4,0.1396,2.522384,LR,0,103,0.1779096,-0.02429604,-0.08371484,0.6197337,1.528501,3.815768
17,3,2,35,4,0.1396,2.522384,LR,0,104,0.1897338,-0.02429604,-0.07782781,0.6315578,1.534388,3.815768
17,3,2,35,4,0.1396,2.522384,LR,0,105,0.2050875,-0.02429604,-0.07845604,0.6469115,1.533759,3.815768
17,3,2,35,4,0.1396,2.522384,LR,0,106,0.2189409,-0.02429604,-0.08099568,0.660765,1.53122,3.815768
17,3,2,35,4,0.1396,2.522384,LR,0,107,0.2326352,-0.02429604,-0.08299029,0.6744592,1.529225,3.815768
17,3,2,35,4,0.1396,2.522384,LR,0,108,0.2539009,-0.02429604,-0.08508766,0.695725,1.527128,3.815768
17,3,2,35,4,0.1396,2.522384,LR,0,109,0.2746359,-0.02429604,-0.08529663,0.71646,1.526919,3.815768
17,3,2,35,4,0.1396,2.522384,LR,0,110,0.2890225,-0.02429604,-0.08212852,0.7308465,1.530087,3.815768
17,3,2,35,4,0.1396,2.522384,LR,0,111,0.3027764,-0.02429604,-0.07849014,0.7446004,1.533725,3.815768
17,3,2,35,4,0.1396,2.522384,LR,0,112,0.3114395,-0.02429604,-0.07303774,0.7532635,1.539178,3.815768
17,3,2,35,4,0.1396,2.522384,LR,0,113,0.3216501,-0.02429604,-0.06596565,0.7634741,1.54625,3.815768
17,3,2,35,4,0.1396,2.522384,LR,0,114,0.3174297,-0.02429604,-0.05649937,0.7592537,1.555716,3.815768
17,3,2,35,4,0.1396,2.522384,LR,0,115,0.3303855,-0.02429604,-0.05835796,0.7722096,1.553858,3.815768
17,3,2,35,4,0.1396,2.522384,LR,0,116,0.3377179,-0.02429604,-0.04934752,0.779542,1.562868,3.815768
17,3,2,35,4,0.1396,2.522384,LR,0,117,0.3473197,-0.02429604,-0.06479311,0.7891437,1.547422,3.815768
17,3,2,35,4,0.1396,2.522384,LR,0,118,0.3609646,-0.02429604,-0.0827322,0.8027887,1.529483,3.815768
17,3,2,35,4,0.1396,2.522384,LR,0,119,0.37343,-0.02429603,-0.09144914,0.8152541,1.520766,3.815768
17,3,2,35,4,0.1396,2.522384,LR,0,120,0.3753319,-0.02429604,-0.07950938,0.817156,1.532706,3.815768
17,3,2,35,4,0.1396,2.522384,LR,0,121,0.3834539,-0.02429604,-0.0717907,0.8252779,1.540425,3.815768
17,3,2,35,4,0.1396,2.522384,LR,0,122,0.3926056,-0.02429604,-0.05014563,0.8344297,1.56207,3.815768
17,3,2,35,4,0.1396,2.522384,LR,0,123,0.3934688,-0.02429604,-0.02957344,0.8352929,1.582642,3.815768
17,3,2,35,4,0.1396,2.522384,LR,0,124,0.3857447,-0.02429604,-0.009571436,0.8275688,1.602644,3.815768
17,3,2,35,4,0.1396,2.522384,LR,0,125,0.3836925,-0.02429605,0.006402132,0.8255166,1.618618,3.815768
17,3,2,35,4,0.1396,2.522384,LR,0,126,0.3945507,-0.02429605,0.01522004,0.8363748,1.627436,3.815768
17,3,2,35,4,0.1396,2.522384,LR,0,127,0.4043681,-0.02429605,0.01096189,0.8461921,1.623177,3.815768
17,3,2,35,4,0.1396,2.522384,LR,0,128,0.4114721,-0.02429605,0.001310942,0.8532962,1.613526,3.815768
17,3,2,35,4,0.1396,2.522384,LR,0,129,0.4149989,-0.02429604,-0.01481009,0.856823,1.597405,3.815768
17,3,2,35,4,0.1396,2.522384,LR,0,130,0.4209111,-0.02429604,-0.02569628,0.8627352,1.586519,3.815768
17,3,2,35,4,0.1396,2.522384,LR,0,131,0.425034,-0.02429604,-0.03654433,0.8668581,1.575671,3.815768
17,3,2,35,4,0.1396,2.522384,LR,0,132,0.4383349,-0.02429604,-0.03076899,0.8801589,1.581447,3.815768
17,3,2,35,4,0.1396,2.522384,LR,0,133,0.4531346,-0.02429604,-0.02236236,0.8949586,1.589853,3.815768
17,3,2,35,4,0.1396,2.522384,LR,0,134,0.4728822,-0.02429604,-0.01152623,0.9147062,1.600689,3.815768
17,3,2,35,4,0.1396,2.522384,LR,0,135,0.4817668,-0.02429605,0.002345678,0.9235909,1.614561,3.815768
17,3,2,35,4,0.1396,2.522384,LR,0,136,0.4905653,-0.02429605,0.02200019,0.9323893,1.634216,3.815768
17,3,2,35,4,0.1396,2.522384,LR,0,137,0.4993087,-0.02429605,0.03879642,0.9411328,1.651012,3.815768
17,3,2,35,4,0.1396,2.522384,LR,0,138,0.5008433,-0.02429605,0.06048298,0.9426674,1.672698,3.815768
17,3,2,35,4,0.1396,2.522384,LR,0,139,0.4991038,-0.02429629,0.07181668,0.9409279,1.684032,3.815768
17,3,2,35,4,0.1396,2.522384,LR,0,140,0.5105206,-0.02429629,0.06916344,0.9523447,1.681379,3.815768
17,3,2,35,4,0.1396,2.522384,LR,0,141,0.5212595,-0.02429629,0.06407726,0.9630836,1.676293,3.815768
17,3,2,35,4,0.1396,2.522384,LR,0,142,0.5246347,-0.02429605,0.05357289,0.9664587,1.665788,3.815768
17,3,2,35,4,0.1396,2.522384,LR,0,143,0.5270422,-0.02429605,0.03724408,0.9688662,1.64946,3.815768
17,3,2,35,4,0.1396,2.522384,LR,0,144,0.5326521,-0.02429605,0.02709007,0.9744762,1.639306,3.815768
17,3,2,35,4,0.1396,2.522384,LR,0,145,0.5425663,-0.02429605,0.02452898,0.9843903,1.636744,3.815768
17,3,2,35,4,0.1396,2.522384,LR,0,146,0.5520208,-0.02429605,0.03323292,0.9938449,1.645448,3.815768
17,3,2,35,4,0.1396,2.522384,LR,0,147,0.5596248,-0.02429605,0.04848539,1.001449,1.660701,3.815768
17,3,2,35,4,0.1396,2.522384,LR,0,148,0.5647931,-0.02429629,0.06558037,1.006617,1.677796,3.815768
17,3,2,35,4,0.1396,2.522384,LR,0,149,0.5741163,-0.02429629,0.07944608,1.01594,1.691662,3.815768
17,3,2,35,4,0.1396,2.522384,LR,0,150,0.5850987,-0.02429629,0.08888066,1.026923,1.701096,3.815768
17,3,2,35,4,0.1396,2.522384,LR,0,151,0.5962514,-0.0242963,0.1074512,1.038075,1.719667,3.815768
17,3,2,35,4,0.1396,2.522384,LR,0,152,0.6081465,-0.0242963,0.1215014,1.049971,1.733717,3.815768
17,3,2,35,4,0.1396,2.522384,LR,0,153,0.6220826,-0.0242963,0.1402222,1.063907,1.752438,3.815768
17,3,2,35,4,0.1396,2.522384,LR,0,154,0.6347975,-0.0242963,0.1601994,1.076622,1.772415,3.815768
17,3,2,35,4,0.1396,2.522384,LR,0,155,0.6407317,-0.0242963,0.168743,1.082556,1.780959,3.815768
17,3,2,35,4,0.1396,2.522384,LR,0,156,0.6500421,-0.0242963,0.1649226,1.091866,1.777138,3.815768
17,3,2,35,4,0.1396,2.522384,LR,0,157,0.6614434,-0.0242963,0.1674775,1.103267,1.779693,3.815768
17,3,2,35,4,0.1396,2.522384,LR,0,158,0.6715039,-0.0242963,0.163326,1.113328,1.775542,3.815768
17,3,2,35,4,0.1396,2.522384,LR,0,159,0.6826054,-0.0242963,0.1591032,1.124429,1.771319,3.815768
17,3,2,35,4,0.1396,2.522384,LR,0,160,0.6840743,-0.0242963,0.146621,1.125898,1.758837,3.815768
17,3,2,35,4,0.1396,2.522384,LR,0,161,0.6990067,-0.0242963,0.1472081,1.140831,1.759424,3.815768
17,3,2,35,4,0.1396,2.522384,LR,0,162,0.717646,-0.0242963,0.1605878,1.15947,1.772803,3.815768
17,3,2,35,4,0.1396,2.522384,LR,0,163,0.7487329,-0.02429631,0.1807035,1.190557,1.792919,3.815768
17,3,2,35,4,0.1396,2.522384,LR,0,164,0.7724606,-0.02429631,0.20026,1.214285,1.812476,3.815768
17,3,2,35,4,0.1396,2.522384,LR,0,165,0.7892565,-0.02429631,0.218361,1.231081,1.830577,3.815768
17,3,2,35,4,0.1396,2.522384,LR,0,166,0.8008871,-0.02429631,0.2332894,1.242711,1.845505,3.815768
17,3,2,35,4,0.1396,2.522384,LR,0,167,0.8126273,-0.02429631,0.2316495,1.254451,1.843865,3.815768
17,3,2,35,4,0.1396,2.522384,LR,0,168,0.8226,-0.02429631,0.2342887,1.264424,1.846504,3.815768
17,3,2,35,4,0.1396,2.522384,LR,0,169,0.8467897,-0.02429631,0.2258989,1.288614,1.838114,3.815768
17,3,2,35,4,0.1396,2.522384,LR,0,170,0.8583204,-0.02429631,0.2278464,1.300144,1.840062,3.815768
17,3,2,35,4,0.1396,2.522384,LR,0,171,0.8747685,-0.02429631,0.2252259,1.316593,1.837441,3.815768
17,3,2,35,4,0.1396,2.522384,LR,0,172,0.8855199,-0.02429631,0.2220049,1.327344,1.83422,3.815768
17,3,2,35,4,0.1396,2.522384,LR,0,173,0.8867821,-0.02429631,0.2107042,1.328606,1.82292,3.815768
17,3,2,35,4,0.1396,2.522384,LR,0,174,0.8723089,-0.02429631,0.2019299,1.314133,1.814145,3.815768
17,3,2,35,4,0.1396,2.522384,LR,0,175,0.8592465,-0.02429631,0.1928151,1.301071,1.805031,3.815768
17,3,2,35,4,0.1396,2.522384,LR,0,176,0.8378104,-0.02429631,0.1810689,1.279634,1.793284,3.815768
17,3,2,35,4,0.1396,2.522384,LR,0,177,0.843932,-0.0242963,0.1730393,1.285756,1.785255,3.815768
17,3,2,35,4,0.1396,2.522384,LR,0,178,0.8548999,-0.0242963,0.1734139,1.296724,1.785629,3.815768
17,3,2,35,4,0.1396,2.522384,LR,0,179,0.8670158,-0.0242963,0.1727002,1.30884,1.784916,3.815768
17,3,2,35,4,0.1396,2.522384,LR,0,180,0.8770939,-0.0242963,0.1721568,1.318918,1.784372,3.815768
17,3,2,35,4,0.1396,2.522384,LR,0,181,0.8951894,-0.0242963,0.1708926,1.337013,1.783108,3.815768
17,3,2,35,4,0.1396,2.522384,LR,0,182,0.9097511,-0.0242963,0.1724125,1.351575,1.784628,3.815768
17,3,2,35,4,0.1396,2.522384,LR,0,183,0.9251958,-0.0242963,0.1682619,1.36702,1.780477,3.815768
17,3,2,35,4,0.1396,2.522384,LR,0,184,0.93577,-0.0242963,0.1545681,1.377594,1.766784,3.815768
17,3,2,35,4,0.1396,2.522384,LR,0,185,0.9396032,-0.0242963,0.1388241,1.381427,1.75104,3.815768
17,3,2,35,4,0.1396,2.522384,LR,0,186,0.9451033,-0.0242963,0.1255897,1.386927,1.737805,3.815768
17,3,2,35,4,0.1396,2.522384,LR,0,187,0.9483564,-0.0242963,0.1128402,1.39018,1.725056,3.815768
17,3,2,35,4,0.1396,2.522384,LR,0,188,0.9513518,-0.02429629,0.1015003,1.393176,1.713716,3.815768
17,3,2,35,4,0.1396,2.522384,LR,0,189,0.9563698,-0.02429629,0.09149575,1.398194,1.703711,3.815768
17,3,2,35,4,0.1396,2.522384,LR,0,190,0.9684843,-0.02429629,0.09037864,1.410308,1.702594,3.815768
17,3,2,35,4,0.1396,2.522384,LR,0,191,0.9807149,-0.02429629,0.08204913,1.422539,1.694265,3.815768
17,3,2,35,4,0.1396,2.522384,LR,0,192,0.9898115,-0.02429629,0.07670784,1.431636,1.688923,3.815768
17,3,2,35,4,0.1396,2.522384,LR,0,193,1.007737,-0.02429629,0.06944513,1.449561,1.681661,3.815768
17,3,2,35,4,0.1396,2.522384,LR,0,194,1.031464,-0.02429605,0.05220544,1.473288,1.664421,3.815768
17,3,2,35,4,0.1396,2.522384,LR,0,195,1.054021,-0.02429605,0.03782057,1.495845,1.650036,3.815768
17,3,2,35,4,0.1396,2.522384,LR,0,196,1.072167,-0.02429605,0.02615237,1.513991,1.638368,3.815768
17,3,2,35,4,0.1396,2.522384,LR,0,197,1.094038,-0.02429605,0.01902794,1.535862,1.631243,3.815768
17,3,2,35,4,0.1396,2.522384,LR,0,198,1.111375,-0.02429605,0.01310622,1.553199,1.625322,3.815768
